timestamp,user_question,answer,best_score,used_faq
2026-02-22 13:54:05,パスワードを忘れました,"
- 結論: 社内ポータルの「パスワードリセット」機能を利用して新たなパスワードを設定してください。

- 手順：

  1. OS: Windows/macOS/Linux

  2. 端末名: 任意（記載することはなく）

  3. エラー文: パスワードの忘れに関するメッセージが表示されていない場合、「パスワードリセット」機能を利用します。

  4. 発生時刻: 今日の朝/晩（記載することはなく）

  5. ネットワーク種別: Wi-Fi",0.378,FAQ1:0.378:account:パスワードを忘れました | FAQ2:0.000:network:ファイル共有方法 | FAQ3:0.000:network:WiFi接続方法
2026-02-22 14:30:04,ZACがつながりにくい,"お待ちしております。ご指定の情報を確認しています。もう少し時間があれば、直接連絡先に変更できるかどうか教えていただけますか？

...",,
2026-02-22 14:51:16,ZACに繋がらない,"お待ちしております。ご指定の情報を確認していますが、必要なデータや案件に関する詳細はまだありません。もし可能であれば、さらに具体的な情報を提供できれば、より適切なサポートを行うことができます。


ご要望の内容に関連して、以下の質問から始めると良いでしょう：

- お仕事に関連する具体的な問題や状況は何ですか？

- 必要な情報がどのような形式で提出されたいと思いますか？
",,
2026-02-22 14:57:14,ZACに繋がらない,"お忙しい中をお時間確保いただきありがっています。ご相談の内容につき、よろしくお願いいたします。

ご指定された情報はまだ収集されていないため、直接的な回答はできませんが、詳細を提供するためには、次のステップに沿ってご相談される必要があります。

1. 各部門のリーダーに直接連絡し、関連するデータを集めるための指示を伝えます。
2. 集められた情報は、全ての部門で一致する形式で整",,
2026-02-22 17:20:19,LANに繋がらない,お待ちしております。私の名前は田中です。ご相談のある頻度で、もし可能であれば少々ご連絡をいただければ、より個別にご相談させていただきます。何か特定の事柄についてお伺いしたく、お気軽にご連絡ください。,,
2026-02-22 17:24:49,マウスが動きません,"お忙しい中をお時間確保いただきありがっていましたら、ご相談の際は以下のようにご連絡ください。


「担当者へ」

「[あなたの名前]です。[あなたの役目]の仕事でメールアドレスは[メールアドレス]です。


私、[あなたの名前]は[あなたの岸部]から来ておりました。[あなたの役目]に関連するご相談をお願いできますでしょCTRL+Z


私は、[会社名]の[あなたの部署名]に所属して",,
2026-02-24 22:42:05,VPNにつながらない,"FAQに該当が見つかりませんでした。情シスへ問い合わせ（チケット発行）してください。

【問い合わせ時に必要な情報】
- OS（Windows/Mac）
- 端末名（PC名）
- エラー文（コピペ推奨）
- 発生時刻
- ネットワーク（社内WiFi/自宅/テザリング）
- 再現手順

参照：該当なし",,
2026-02-24 22:43:03,パスワードを忘れた,"FAQに該当が見つかりませんでした。情シスへ問い合わせ（チケット発行）してください。

【問い合わせ時に必要な情報】
- OS（Windows/Mac）
- 端末名（PC名）
- エラー文（コピペ推奨）
- 発生時刻
- ネットワーク（社内WiFi/自宅/テザリング）
- 再現手順

参照：該当なし",,
