"日時","更新者","操作","FAQ_ID","質問","結果","備考"
"2026-05-05 16:07:59","admin","追加","FAQ-000001","セキュリティチェックシート提出許可申請の申請書はどの書式を使用したらよいですか？","成功","12"
"2026-05-05 16:07:59","admin","追加","FAQ-000002","社内システムの管理者権限付与（社内）の申請書はどの書式を使用したらよいですか？","成功","12"
"2026-05-05 16:07:59","admin","追加","FAQ-000003","システム導入（外部システム・新規アプリケーション）の申請書はどの書式を使用したらよいですか？","成功","12"
"2026-05-05 16:07:59","admin","追加","FAQ-000004","システム導入検討のためのトライアル利用及び権限付与の申請書はどの書式を使用したらよいですか？","成功","12"
"2026-05-05 16:07:59","admin","追加","FAQ-000005","顧客指定システム利用申請""の申請書はどの書式を使用したらよいですか？","成功","12"
"2026-05-05 16:07:59","admin","追加","FAQ-000006","アカウント権限 作成・設定・解除の申請書はどの書式を使用したらよいですか？","成功","12"
"2026-05-05 16:07:59","admin","追加","FAQ-000007","アプリインストール依頼の申請書はどの書式を使用したらよいですか？","成功","12"
"2026-05-05 16:07:59","admin","追加","FAQ-000008","回線/回線機器 設置・移動・撤去の申請書はどの書式を使用したらよいですか？","成功","12"
"2026-05-05 16:07:59","admin","追加","FAQ-000009","アカウント権限 作成・設定・解除の申請書はどの書式を使用したらよいですか？","成功","12"
"2026-05-05 16:07:59","admin","追加","FAQ-000010","NeoPortal管理の申請書はどの書式を使用したらよいですか？","成功","12"
"2026-05-05 16:07:59","admin","追加","FAQ-000011","OBIC管理の申請書はどの書式を使用したらよいですか？","成功","12"
"2026-05-05 16:07:59","admin","追加","FAQ-000012","PC/Tel 設置・移動・撤去の申請書はどの書式を使用したらよいですか？","成功","12"
"2026-05-05 16:07:59","admin","追加","FAQ-000013","機器貸与の申請書はどの書式を使用したらよいですか？","成功","12"
"2026-05-05 16:07:59","admin","追加","FAQ-000014","アプリインストール依頼の申請書はどの書式を使用したらよいですか？","成功","12"
"2026-05-05 16:07:59","admin","追加","FAQ-000015","回線/回線機器 設置・移動・撤去の申請書はどの書式を使用したらよいですか？","成功","12"
"2026-05-05 16:07:59","admin","追加","FAQ-000016","サイトアクセス許可の申請書はどの書式を使用したらよいですか？","成功","12"
"2026-05-05 16:07:59","admin","追加","FAQ-000017","セキュリティチェックシート入力依頼の申請書はどの書式を使用したらよいですか？","成功","12"
"2026-05-05 16:07:59","admin","追加","FAQ-000018","マイナンバー室への入室権限付与の申請書はどの書式を使用したらよいですか？","成功","12"
"2026-05-05 16:07:59","admin","追加","FAQ-000019","サーバルーム入室権限付与の申請書はどの書式を使用したらよいですか？","成功","12"
"2026-05-05 16:07:59","admin","追加","FAQ-000020","顧客指定システム利用申請はどの書式で申請すればよいですか？","成功","12"
"2026-05-05 16:07:59","admin","追加","FAQ-000021","情報システム責任者が情報システム権限者を指名する書面はどの書式で申請すればよいですか？","成功","12"
"2026-05-05 16:07:59","admin","追加","FAQ-000022","アクセスログ台帳の書式・資料はどこにありますか？","成功","12"
"2026-05-05 16:07:59","admin","追加","FAQ-000023","テレワーク勤務許可申請書兼システム作業申請書の書式・資料はどこにありますか？","成功","12"
"2026-05-05 16:07:59","admin","追加","FAQ-000024","管理簿（IT資産管理表）の書式・資料はどこにありますか？","成功","12"
"2026-05-05 16:07:59","admin","追加","FAQ-000025","起案書の書式・資料はどこにありますか？","成功","12"
"2026-05-05 16:07:59","admin","追加","FAQ-000026","Google検索サイトは？","成功","12"
"2026-05-05 16:07:59","admin","追加","FAQ-000027","お腹が痛いです。","成功","12"
"2026-05-05 16:07:59","admin","追加","FAQ-000028","ディスプレイが映りません","成功","12"
"2026-05-05 16:07:59","admin","追加","FAQ-000029","市販ツールのトライアル版を試したいのですが、申請書の書式はどれですか？","成功","12"
"2026-05-05 16:07:59","admin","追加","FAQ-000030","ADアカウントの初期パスワードでログインできません","成功","12"
"2026-05-05 16:07:59","admin","追加","FAQ-000031","ADアカウントがロックされました","成功","12"
"2026-05-05 16:07:59","admin","追加","FAQ-000032","ADアカウントのパスワード変更画面が表示されません","成功","12"
"2026-05-05 16:07:59","admin","追加","FAQ-000033","ADアカウントの表示名を変更したいです","成功","12"
"2026-05-05 16:07:59","admin","追加","FAQ-000034","ADアカウントの部署情報が古いままです","成功","12"
"2026-05-05 16:07:59","admin","追加","FAQ-000035","ADアカウントにサインインすると多要素認証の登録を求められます","成功","12"
"2026-05-05 16:07:59","admin","追加","FAQ-000036","ADアカウントのパスワード有効期限が切れました","成功","12"
"2026-05-05 16:07:59","admin","追加","FAQ-000037","ADアカウントに不要な権限が付与されています","成功","12"
"2026-05-05 16:07:59","admin","追加","FAQ-000038","ADアカウントのグループメンバーに追加されていません","成功","12"
"2026-05-05 16:07:59","admin","追加","FAQ-000039","ADアカウントを削除してほしいです","成功","12"
"2026-05-05 16:07:59","admin","追加","FAQ-000040","Microsoft 365アカウントの初期パスワードでログインできません","成功","12"
"2026-05-05 16:07:59","admin","追加","FAQ-000041","Microsoft 365アカウントがロックされました","成功","12"
"2026-05-05 16:07:59","admin","追加","FAQ-000042","Microsoft 365アカウントのパスワード変更画面が表示されません","成功","12"
"2026-05-05 16:07:59","admin","追加","FAQ-000043","Microsoft 365アカウントの表示名を変更したいです","成功","12"
"2026-05-05 16:07:59","admin","追加","FAQ-000044","Microsoft 365アカウントの部署情報が古いままです","成功","12"
"2026-05-05 16:07:59","admin","追加","FAQ-000045","Microsoft 365アカウントにサインインすると多要素認証の登録を求められます","成功","12"
"2026-05-05 16:07:59","admin","追加","FAQ-000046","Microsoft 365アカウントのパスワード有効期限が切れました","成功","12"
"2026-05-05 16:07:59","admin","追加","FAQ-000047","Microsoft 365アカウントに不要な権限が付与されています","成功","12"
"2026-05-05 16:07:59","admin","追加","FAQ-000048","Microsoft 365アカウントのグループメンバーに追加されていません","成功","12"
"2026-05-05 16:07:59","admin","追加","FAQ-000049","Microsoft 365アカウントを削除してほしいです","成功","12"
"2026-05-05 16:07:59","admin","追加","FAQ-000050","Google Workspaceアカウントの初期パスワードでログインできません","成功","12"
"2026-05-05 16:07:59","admin","追加","FAQ-000051","Google Workspaceアカウントがロックされました","成功","12"
"2026-05-05 16:07:59","admin","追加","FAQ-000052","Google Workspaceアカウントのパスワード変更画面が表示されません","成功","12"
"2026-05-05 16:07:59","admin","追加","FAQ-000053","Google Workspaceアカウントの表示名を変更したいです","成功","12"
"2026-05-05 16:07:59","admin","追加","FAQ-000054","Google Workspaceアカウントの部署情報が古いままです","成功","12"
"2026-05-05 16:07:59","admin","追加","FAQ-000055","Google Workspaceアカウントにサインインすると多要素認証の登録を求められます","成功","12"
"2026-05-05 16:07:59","admin","追加","FAQ-000056","Google Workspaceアカウントのパスワード有効期限が切れました","成功","12"
"2026-05-05 16:07:59","admin","追加","FAQ-000057","Google Workspaceアカウントに不要な権限が付与されています","成功","12"
"2026-05-05 16:07:59","admin","追加","FAQ-000058","Google Workspaceアカウントのグループメンバーに追加されていません","成功","12"
"2026-05-05 16:07:59","admin","追加","FAQ-000059","Google Workspaceアカウントを削除してほしいです","成功","12"
"2026-05-05 16:07:59","admin","追加","FAQ-000060","基幹システムIDの初期パスワードでログインできません","成功","12"
"2026-05-05 16:07:59","admin","追加","FAQ-000061","基幹システムIDがロックされました","成功","12"
"2026-05-05 16:07:59","admin","追加","FAQ-000062","基幹システムIDのパスワード変更画面が表示されません","成功","12"
"2026-05-05 16:07:59","admin","追加","FAQ-000063","基幹システムIDの表示名を変更したいです","成功","12"
"2026-05-05 16:07:59","admin","追加","FAQ-000064","基幹システムIDの部署情報が古いままです","成功","12"
"2026-05-05 16:07:59","admin","追加","FAQ-000065","基幹システムIDにサインインすると多要素認証の登録を求められます","成功","12"
"2026-05-05 16:07:59","admin","追加","FAQ-000066","基幹システムIDのパスワード有効期限が切れました","成功","12"
"2026-05-05 16:07:59","admin","追加","FAQ-000067","基幹システムIDに不要な権限が付与されています","成功","12"
"2026-05-05 16:07:59","admin","追加","FAQ-000068","基幹システムIDのグループメンバーに追加されていません","成功","12"
"2026-05-05 16:07:59","admin","追加","FAQ-000069","基幹システムIDを削除してほしいです","成功","12"
"2026-05-05 16:07:59","admin","追加","FAQ-000070","社内ポータルIDの初期パスワードでログインできません","成功","12"
"2026-05-05 16:07:59","admin","追加","FAQ-000071","社内ポータルIDがロックされました","成功","12"
"2026-05-05 16:07:59","admin","追加","FAQ-000072","社内ポータルIDのパスワード変更画面が表示されません","成功","12"
"2026-05-05 16:07:59","admin","追加","FAQ-000073","社内ポータルIDの表示名を変更したいです","成功","12"
"2026-05-05 16:07:59","admin","追加","FAQ-000074","社内ポータルIDの部署情報が古いままです","成功","12"
"2026-05-05 16:07:59","admin","追加","FAQ-000075","社内ポータルIDにサインインすると多要素認証の登録を求められます","成功","12"
"2026-05-05 16:07:59","admin","追加","FAQ-000076","社内ポータルIDのパスワード有効期限が切れました","成功","12"
"2026-05-05 16:07:59","admin","追加","FAQ-000077","社内ポータルIDに不要な権限が付与されています","成功","12"
"2026-05-05 16:07:59","admin","追加","FAQ-000078","社内ポータルIDのグループメンバーに追加されていません","成功","12"
"2026-05-05 16:07:59","admin","追加","FAQ-000079","社内ポータルIDを削除してほしいです","成功","12"
"2026-05-05 16:07:59","admin","追加","FAQ-000080","Windows 11ノートPCの電源が入りません","成功","12"
"2026-05-05 16:07:59","admin","追加","FAQ-000081","Windows 11ノートPCの起動に時間がかかります","成功","12"
"2026-05-05 16:07:59","admin","追加","FAQ-000082","Windows 11ノートPCが頻繁にフリーズします","成功","12"
"2026-05-05 16:07:59","admin","追加","FAQ-000083","Windows 11ノートPCでブルースクリーンが発生しました","成功","12"
"2026-05-05 16:07:59","admin","追加","FAQ-000084","Windows 11ノートPCのディスク容量が不足しています","成功","12"
"2026-05-05 16:07:59","admin","追加","FAQ-000085","Windows 11ノートPCのファン音が大きいです","成功","12"
"2026-05-05 16:07:59","admin","追加","FAQ-000086","Windows 11ノートPCが再起動を繰り返します","成功","12"
"2026-05-05 16:07:59","admin","追加","FAQ-000087","Windows 11ノートPCが勝手にスリープします","成功","12"
"2026-05-05 16:07:59","admin","追加","FAQ-000088","Windows 11ノートPCでBitLocker回復キーを求められます","成功","12"
"2026-05-05 16:07:59","admin","追加","FAQ-000089","Windows 11ノートPCを初期化したいです","成功","12"
"2026-05-05 16:07:59","admin","追加","FAQ-000090","デスクトップPCの電源が入りません","成功","12"
"2026-05-05 16:07:59","admin","追加","FAQ-000091","デスクトップPCの起動に時間がかかります","成功","12"
"2026-05-05 16:07:59","admin","追加","FAQ-000092","デスクトップPCが頻繁にフリーズします","成功","12"
"2026-05-05 16:07:59","admin","追加","FAQ-000093","デスクトップPCでブルースクリーンが発生しました","成功","12"
"2026-05-05 16:07:59","admin","追加","FAQ-000094","デスクトップPCのディスク容量が不足しています","成功","12"
"2026-05-05 16:07:59","admin","追加","FAQ-000095","デスクトップPCのファン音が大きいです","成功","12"
"2026-05-05 16:07:59","admin","追加","FAQ-000096","デスクトップPCが再起動を繰り返します","成功","12"
"2026-05-05 16:07:59","admin","追加","FAQ-000097","デスクトップPCが勝手にスリープします","成功","12"
"2026-05-05 16:07:59","admin","追加","FAQ-000098","デスクトップPCでBitLocker回復キーを求められます","成功","12"
"2026-05-05 16:07:59","admin","追加","FAQ-000099","デスクトップPCを初期化したいです","成功","12"
"2026-05-05 16:07:59","admin","追加","FAQ-000100","貸与ノートPCの電源が入りません","成功","12"
"2026-05-05 16:07:59","admin","追加","FAQ-000101","貸与ノートPCの起動に時間がかかります","成功","12"
"2026-05-05 16:07:59","admin","追加","FAQ-000102","貸与ノートPCが頻繁にフリーズします","成功","12"
"2026-05-05 16:07:59","admin","追加","FAQ-000103","貸与ノートPCでブルースクリーンが発生しました","成功","12"
"2026-05-05 16:07:59","admin","追加","FAQ-000104","貸与ノートPCのディスク容量が不足しています","成功","12"
"2026-05-05 16:07:59","admin","追加","FAQ-000105","貸与ノートPCのファン音が大きいです","成功","12"
"2026-05-05 16:07:59","admin","追加","FAQ-000106","貸与ノートPCが再起動を繰り返します","成功","12"
"2026-05-05 16:07:59","admin","追加","FAQ-000107","貸与ノートPCが勝手にスリープします","成功","12"
"2026-05-05 16:07:59","admin","追加","FAQ-000108","貸与ノートPCでBitLocker回復キーを求められます","成功","12"
"2026-05-05 16:07:59","admin","追加","FAQ-000109","貸与ノートPCを初期化したいです","成功","12"
"2026-05-05 16:07:59","admin","追加","FAQ-000110","開発用PCの電源が入りません","成功","12"
"2026-05-05 16:07:59","admin","追加","FAQ-000111","開発用PCの起動に時間がかかります","成功","12"
"2026-05-05 16:07:59","admin","追加","FAQ-000112","開発用PCが頻繁にフリーズします","成功","12"
"2026-05-05 16:07:59","admin","追加","FAQ-000113","開発用PCでブルースクリーンが発生しました","成功","12"
"2026-05-05 16:07:59","admin","追加","FAQ-000114","開発用PCのディスク容量が不足しています","成功","12"
"2026-05-05 16:07:59","admin","追加","FAQ-000115","開発用PCのファン音が大きいです","成功","12"
"2026-05-05 16:07:59","admin","追加","FAQ-000116","開発用PCが再起動を繰り返します","成功","12"
"2026-05-05 16:07:59","admin","追加","FAQ-000117","開発用PCが勝手にスリープします","成功","12"
"2026-05-05 16:07:59","admin","追加","FAQ-000118","開発用PCでBitLocker回復キーを求められます","成功","12"
"2026-05-05 16:07:59","admin","追加","FAQ-000119","開発用PCを初期化したいです","成功","12"
"2026-05-05 16:07:59","admin","追加","FAQ-000120","営業用PCの電源が入りません","成功","12"
"2026-05-05 16:07:59","admin","追加","FAQ-000121","営業用PCの起動に時間がかかります","成功","12"
"2026-05-05 16:07:59","admin","追加","FAQ-000122","営業用PCが頻繁にフリーズします","成功","12"
"2026-05-05 16:07:59","admin","追加","FAQ-000123","営業用PCでブルースクリーンが発生しました","成功","12"
"2026-05-05 16:07:59","admin","追加","FAQ-000124","営業用PCのディスク容量が不足しています","成功","12"
"2026-05-05 16:07:59","admin","追加","FAQ-000125","営業用PCのファン音が大きいです","成功","12"
"2026-05-05 16:07:59","admin","追加","FAQ-000126","営業用PCが再起動を繰り返します","成功","12"
"2026-05-05 16:07:59","admin","追加","FAQ-000127","営業用PCが勝手にスリープします","成功","12"
"2026-05-05 16:07:59","admin","追加","FAQ-000128","営業用PCでBitLocker回復キーを求められます","成功","12"
"2026-05-05 16:07:59","admin","追加","FAQ-000129","営業用PCを初期化したいです","成功","12"
"2026-05-05 16:07:59","admin","追加","FAQ-000130","外部モニターが認識されません","成功","12"
"2026-05-05 16:07:59","admin","追加","FAQ-000131","外部モニターの接続が不安定です","成功","12"
"2026-05-05 16:07:59","admin","追加","FAQ-000132","外部モニターの音量調整ができません","成功","12"
"2026-05-05 16:07:59","admin","追加","FAQ-000133","外部モニターのドライバーを入れたいです","成功","12"
"2026-05-05 16:07:59","admin","追加","FAQ-000134","外部モニターが会議アプリで使えません","成功","12"
"2026-05-05 16:07:59","admin","追加","FAQ-000135","外部モニターの映像が映りません","成功","12"
"2026-05-05 16:07:59","admin","追加","FAQ-000136","外部モニターのボタン割り当てを変更したいです","成功","12"
"2026-05-05 16:07:59","admin","追加","FAQ-000137","外部モニターの解像度が合いません","成功","12"
"2026-05-05 16:07:59","admin","追加","FAQ-000138","外部モニターを交換したいです","成功","12"
"2026-05-05 16:07:59","admin","追加","FAQ-000139","USBキーボードが認識されません","成功","12"
"2026-05-05 16:07:59","admin","追加","FAQ-000140","USBキーボードの接続が不安定です","成功","12"
"2026-05-05 16:07:59","admin","追加","FAQ-000141","USBキーボードのドライバーを入れたいです","成功","12"
"2026-05-05 16:07:59","admin","追加","FAQ-000142","USBキーボードのボタン割り当てを変更したいです","成功","12"
"2026-05-05 16:07:59","admin","追加","FAQ-000143","USBキーボードが充電されません","成功","12"
"2026-05-05 16:07:59","admin","追加","FAQ-000144","USBキーボードを交換したいです","成功","12"
"2026-05-05 16:07:59","admin","追加","FAQ-000145","Bluetoothマウスが認識されません","成功","12"
"2026-05-05 16:07:59","admin","追加","FAQ-000146","Bluetoothマウスの接続が不安定です","成功","12"
"2026-05-05 16:07:59","admin","追加","FAQ-000147","Bluetoothマウスのドライバーを入れたいです","成功","12"
"2026-05-05 16:07:59","admin","追加","FAQ-000148","Bluetoothマウスのボタン割り当てを変更したいです","成功","12"
"2026-05-05 16:07:59","admin","追加","FAQ-000149","Bluetoothマウスが充電されません","成功","12"
"2026-05-05 16:07:59","admin","追加","FAQ-000150","Bluetoothマウスを交換したいです","成功","12"
"2026-05-05 16:07:59","admin","追加","FAQ-000151","Webカメラが認識されません","成功","12"
"2026-05-05 16:07:59","admin","追加","FAQ-000152","Webカメラの接続が不安定です","成功","12"
"2026-05-05 16:07:59","admin","追加","FAQ-000153","Webカメラのドライバーを入れたいです","成功","12"
"2026-05-05 16:07:59","admin","追加","FAQ-000154","Webカメラが会議アプリで使えません","成功","12"
"2026-05-05 16:07:59","admin","追加","FAQ-000155","Webカメラの映像が映りません","成功","12"
"2026-05-05 16:07:59","admin","追加","FAQ-000156","Webカメラのボタン割り当てを変更したいです","成功","12"
"2026-05-05 16:07:59","admin","追加","FAQ-000157","Webカメラの解像度が合いません","成功","12"
"2026-05-05 16:07:59","admin","追加","FAQ-000158","Webカメラを交換したいです","成功","12"
"2026-05-05 16:07:59","admin","追加","FAQ-000159","USBヘッドセットが認識されません","成功","12"
"2026-05-05 16:07:59","admin","追加","FAQ-000160","USBヘッドセットの接続が不安定です","成功","12"
"2026-05-05 16:07:59","admin","追加","FAQ-000161","USBヘッドセットの音量調整ができません","成功","12"
"2026-05-05 16:07:59","admin","追加","FAQ-000162","USBヘッドセットのドライバーを入れたいです","成功","12"
"2026-05-05 16:07:59","admin","追加","FAQ-000163","USBヘッドセットが会議アプリで使えません","成功","12"
"2026-05-05 16:07:59","admin","追加","FAQ-000164","USBヘッドセットのボタン割り当てを変更したいです","成功","12"
"2026-05-05 16:07:59","admin","追加","FAQ-000165","USBヘッドセットが充電されません","成功","12"
"2026-05-05 16:07:59","admin","追加","FAQ-000166","USBヘッドセットを交換したいです","成功","12"
"2026-05-05 16:07:59","admin","追加","FAQ-000167","社内Wi-Fiに接続できません","成功","12"
"2026-05-05 16:07:59","admin","追加","FAQ-000168","社内Wi-Fiの速度が遅いです","成功","12"
"2026-05-05 16:07:59","admin","追加","FAQ-000169","社内Wi-Fiが頻繁に切断されます","成功","12"
"2026-05-05 16:07:59","admin","追加","FAQ-000170","社内Wi-Fi利用中にIPアドレス取得に失敗します","成功","12"
"2026-05-05 16:07:59","admin","追加","FAQ-000171","社内Wi-Fi経由で社内サイトが開けません","成功","12"
"2026-05-05 16:07:59","admin","追加","FAQ-000172","社内Wi-Fiで認証エラーが表示されます","成功","12"
"2026-05-05 16:07:59","admin","追加","FAQ-000173","社内Wi-FiのDNS名前解決ができません","成功","12"
"2026-05-05 16:07:59","admin","追加","FAQ-000174","社内Wi-Fiの利用申請をしたいです","成功","12"
"2026-05-05 16:07:59","admin","追加","FAQ-000175","社内Wi-Fiの利用制限を確認したいです","成功","12"
"2026-05-05 16:07:59","admin","追加","FAQ-000176","社内Wi-Fiの障害が発生しているか確認したいです","成功","12"
"2026-05-05 16:07:59","admin","追加","FAQ-000177","ゲストWi-Fiに接続できません","成功","12"
"2026-05-05 16:07:59","admin","追加","FAQ-000178","ゲストWi-Fiの速度が遅いです","成功","12"
"2026-05-05 16:07:59","admin","追加","FAQ-000179","ゲストWi-Fiが頻繁に切断されます","成功","12"
"2026-05-05 16:07:59","admin","追加","FAQ-000180","ゲストWi-Fi利用中にIPアドレス取得に失敗します","成功","12"
"2026-05-05 16:07:59","admin","追加","FAQ-000181","ゲストWi-Fi経由で社内サイトが開けません","成功","12"
"2026-05-05 16:07:59","admin","追加","FAQ-000182","ゲストWi-Fiで認証エラーが表示されます","成功","12"
"2026-05-05 16:07:59","admin","追加","FAQ-000183","ゲストWi-FiのDNS名前解決ができません","成功","12"
"2026-05-05 16:07:59","admin","追加","FAQ-000184","ゲストWi-Fiの利用申請をしたいです","成功","12"
"2026-05-05 16:07:59","admin","追加","FAQ-000185","ゲストWi-Fiの利用制限を確認したいです","成功","12"
"2026-05-05 16:07:59","admin","追加","FAQ-000186","ゲストWi-Fiの障害が発生しているか確認したいです","成功","12"
"2026-05-05 16:07:59","admin","追加","FAQ-000187","有線LANに接続できません","成功","12"
"2026-05-05 16:07:59","admin","追加","FAQ-000188","有線LANの速度が遅いです","成功","12"
"2026-05-05 16:07:59","admin","追加","FAQ-000189","有線LANが頻繁に切断されます","成功","12"
"2026-05-05 16:07:59","admin","追加","FAQ-000190","有線LAN利用中にIPアドレス取得に失敗します","成功","12"
"2026-05-05 16:07:59","admin","追加","FAQ-000191","有線LAN経由で社内サイトが開けません","成功","12"
"2026-05-05 16:07:59","admin","追加","FAQ-000192","有線LANで認証エラーが表示されます","成功","12"
"2026-05-05 16:07:59","admin","追加","FAQ-000193","有線LANのDNS名前解決ができません","成功","12"
"2026-05-05 16:07:59","admin","追加","FAQ-000194","有線LANの利用申請をしたいです","成功","12"
"2026-05-05 16:07:59","admin","追加","FAQ-000195","有線LANの利用制限を確認したいです","成功","12"
"2026-05-05 16:07:59","admin","追加","FAQ-000196","有線LANの障害が発生しているか確認したいです","成功","12"
"2026-05-05 16:07:59","admin","追加","FAQ-000197","VPNに接続できません","成功","12"
"2026-05-05 16:07:59","admin","追加","FAQ-000198","VPNの速度が遅いです","成功","12"
"2026-05-05 16:07:59","admin","追加","FAQ-000199","VPNが頻繁に切断されます","成功","12"
"2026-05-05 16:07:59","admin","追加","FAQ-000200","VPN利用中にIPアドレス取得に失敗します","成功","12"
"2026-05-05 16:07:59","admin","追加","FAQ-000201","VPN経由で社内サイトが開けません","成功","12"
"2026-05-05 16:07:59","admin","追加","FAQ-000202","VPNで認証エラーが表示されます","成功","12"
"2026-05-05 16:07:59","admin","追加","FAQ-000203","VPNのDNS名前解決ができません","成功","12"
"2026-05-05 16:07:59","admin","追加","FAQ-000204","VPNの利用申請をしたいです","成功","12"
"2026-05-05 16:07:59","admin","追加","FAQ-000205","VPNの利用制限を確認したいです","成功","12"
"2026-05-05 16:07:59","admin","追加","FAQ-000206","VPNの障害が発生しているか確認したいです","成功","12"
"2026-05-05 16:07:59","admin","追加","FAQ-000207","拠点間ネットワークに接続できません","成功","12"
"2026-05-05 16:07:59","admin","追加","FAQ-000208","拠点間ネットワークの速度が遅いです","成功","12"
"2026-05-05 16:07:59","admin","追加","FAQ-000209","拠点間ネットワークが頻繁に切断されます","成功","12"
"2026-05-05 16:07:59","admin","追加","FAQ-000210","拠点間ネットワーク利用中にIPアドレス取得に失敗します","成功","12"
"2026-05-05 16:07:59","admin","追加","FAQ-000211","拠点間ネットワーク経由で社内サイトが開けません","成功","12"
"2026-05-05 16:07:59","admin","追加","FAQ-000212","拠点間ネットワークで認証エラーが表示されます","成功","12"
"2026-05-05 16:07:59","admin","追加","FAQ-000213","拠点間ネットワークのDNS名前解決ができません","成功","12"
"2026-05-05 16:07:59","admin","追加","FAQ-000214","拠点間ネットワークの利用申請をしたいです","成功","12"
"2026-05-05 16:07:59","admin","追加","FAQ-000215","拠点間ネットワークの利用制限を確認したいです","成功","12"
"2026-05-05 16:07:59","admin","追加","FAQ-000216","拠点間ネットワークの障害が発生しているか確認したいです","成功","12"
"2026-05-05 16:07:59","admin","追加","FAQ-000217","Outlookでメールを送信できません","成功","12"
"2026-05-05 16:07:59","admin","追加","FAQ-000218","Outlookでメールを受信できません","成功","12"
"2026-05-05 16:07:59","admin","追加","FAQ-000219","Outlookが起動しません","成功","12"
"2026-05-05 16:07:59","admin","追加","FAQ-000220","Outlookで検索結果が表示されません","成功","12"
"2026-05-05 16:07:59","admin","追加","FAQ-000221","Outlookの容量が上限に近いです","成功","12"
"2026-05-05 16:07:59","admin","追加","FAQ-000222","Outlookで添付ファイルを開けません","成功","12"
"2026-05-05 16:07:59","admin","追加","FAQ-000223","Outlookの差出人名を変更したいです","成功","12"
"2026-05-05 16:07:59","admin","追加","FAQ-000224","Outlookに自動返信を設定したいです","成功","12"
"2026-05-05 16:07:59","admin","追加","FAQ-000225","Outlookから特定の宛先へ送れません","成功","12"
"2026-05-05 16:07:59","admin","追加","FAQ-000226","Outlookで既読/未読の同期がずれます","成功","12"
"2026-05-05 16:07:59","admin","追加","FAQ-000227","Exchangeメールボックスでメールを送信できません","成功","12"
"2026-05-05 16:07:59","admin","追加","FAQ-000228","Exchangeメールボックスでメールを受信できません","成功","12"
"2026-05-05 16:07:59","admin","追加","FAQ-000229","Exchangeメールボックスが起動しません","成功","12"
"2026-05-05 16:07:59","admin","追加","FAQ-000230","Exchangeメールボックスで検索結果が表示されません","成功","12"
"2026-05-05 16:07:59","admin","追加","FAQ-000231","Exchangeメールボックスの容量が上限に近いです","成功","12"
"2026-05-05 16:07:59","admin","追加","FAQ-000232","Exchangeメールボックスで添付ファイルを開けません","成功","12"
"2026-05-05 16:07:59","admin","追加","FAQ-000233","Exchangeメールボックスの差出人名を変更したいです","成功","12"
"2026-05-05 16:07:59","admin","追加","FAQ-000234","Exchangeメールボックスに自動返信を設定したいです","成功","12"
"2026-05-05 16:07:59","admin","追加","FAQ-000235","Exchangeメールボックスから特定の宛先へ送れません","成功","12"
"2026-05-05 16:07:59","admin","追加","FAQ-000236","Exchangeメールボックスで既読/未読の同期がずれます","成功","12"
"2026-05-05 16:07:59","admin","追加","FAQ-000237","共有メールボックスでメールを送信できません","成功","12"
"2026-05-05 16:07:59","admin","追加","FAQ-000238","共有メールボックスでメールを受信できません","成功","12"
"2026-05-05 16:07:59","admin","追加","FAQ-000239","共有メールボックスが起動しません","成功","12"
"2026-05-05 16:07:59","admin","追加","FAQ-000240","共有メールボックスで検索結果が表示されません","成功","12"
"2026-05-05 16:07:59","admin","追加","FAQ-000241","共有メールボックスの容量が上限に近いです","成功","12"
"2026-05-05 16:07:59","admin","追加","FAQ-000242","共有メールボックスで添付ファイルを開けません","成功","12"
"2026-05-05 16:07:59","admin","追加","FAQ-000243","共有メールボックスの差出人名を変更したいです","成功","12"
"2026-05-05 16:07:59","admin","追加","FAQ-000244","共有メールボックスに自動返信を設定したいです","成功","12"
"2026-05-05 16:07:59","admin","追加","FAQ-000245","共有メールボックスから特定の宛先へ送れません","成功","12"
"2026-05-05 16:07:59","admin","追加","FAQ-000246","共有メールボックスで既読/未読の同期がずれます","成功","12"
"2026-05-05 16:07:59","admin","追加","FAQ-000247","メーリングリストでメールを送信できません","成功","12"
"2026-05-05 16:07:59","admin","追加","FAQ-000248","メーリングリストでメールを受信できません","成功","12"
"2026-05-05 16:07:59","admin","追加","FAQ-000249","メーリングリストが起動しません","成功","12"
"2026-05-05 16:07:59","admin","追加","FAQ-000250","メーリングリストで検索結果が表示されません","成功","12"
"2026-05-05 16:07:59","admin","追加","FAQ-000251","メーリングリストの容量が上限に近いです","成功","12"
"2026-05-05 16:07:59","admin","追加","FAQ-000252","メーリングリストで添付ファイルを開けません","成功","12"
"2026-05-05 16:07:59","admin","追加","FAQ-000253","メーリングリストの差出人名を変更したいです","成功","12"
"2026-05-05 16:07:59","admin","追加","FAQ-000254","メーリングリストに自動返信を設定したいです","成功","12"
"2026-05-05 16:07:59","admin","追加","FAQ-000255","メーリングリストから特定の宛先へ送れません","成功","12"
"2026-05-05 16:07:59","admin","追加","FAQ-000256","メーリングリストで既読/未読の同期がずれます","成功","12"
"2026-05-05 16:07:59","admin","追加","FAQ-000257","スマホのメールアプリでメールを送信できません","成功","12"
"2026-05-05 16:07:59","admin","追加","FAQ-000258","スマホのメールアプリでメールを受信できません","成功","12"
"2026-05-05 16:07:59","admin","追加","FAQ-000259","スマホのメールアプリが起動しません","成功","12"
"2026-05-05 16:07:59","admin","追加","FAQ-000260","スマホのメールアプリで検索結果が表示されません","成功","12"
"2026-05-05 16:07:59","admin","追加","FAQ-000261","スマホのメールアプリの容量が上限に近いです","成功","12"
"2026-05-05 16:07:59","admin","追加","FAQ-000262","スマホのメールアプリで添付ファイルを開けません","成功","12"
"2026-05-05 16:07:59","admin","追加","FAQ-000263","スマホのメールアプリの差出人名を変更したいです","成功","12"
"2026-05-05 16:07:59","admin","追加","FAQ-000264","スマホのメールアプリに自動返信を設定したいです","成功","12"
"2026-05-05 16:07:59","admin","追加","FAQ-000265","スマホのメールアプリから特定の宛先へ送れません","成功","12"
"2026-05-05 16:07:59","admin","追加","FAQ-000266","スマホのメールアプリで既読/未読の同期がずれます","成功","12"
"2026-05-05 16:07:59","admin","追加","FAQ-000267","Excelがフリーズします","成功","12"
"2026-05-05 16:07:59","admin","追加","FAQ-000268","Excelが起動しません","成功","12"
"2026-05-05 16:07:59","admin","追加","FAQ-000269","Excelでファイルを保存できません","成功","12"
"2026-05-05 16:07:59","admin","追加","FAQ-000270","Excelでマクロが実行できません","成功","12"
"2026-05-05 16:07:59","admin","追加","FAQ-000271","Excelで文字化けします","成功","12"
"2026-05-05 16:07:59","admin","追加","FAQ-000272","Excelの印刷レイアウトが崩れます","成功","12"
"2026-05-05 16:07:59","admin","追加","FAQ-000273","Excelで共同編集できません","成功","12"
"2026-05-05 16:07:59","admin","追加","FAQ-000274","Excelでアドインが表示されません","成功","12"
"2026-05-05 16:07:59","admin","追加","FAQ-000275","Excelのライセンス認証が外れました","成功","12"
"2026-05-05 16:07:59","admin","追加","FAQ-000276","Excelで旧形式ファイルが開けません","成功","12"
"2026-05-05 16:07:59","admin","追加","FAQ-000277","Wordがフリーズします","成功","12"
"2026-05-05 16:07:59","admin","追加","FAQ-000278","Wordが起動しません","成功","12"
"2026-05-05 16:07:59","admin","追加","FAQ-000279","Wordでファイルを保存できません","成功","12"
"2026-05-05 16:07:59","admin","追加","FAQ-000280","Wordでマクロが実行できません","成功","12"
"2026-05-05 16:07:59","admin","追加","FAQ-000281","Wordで文字化けします","成功","12"
"2026-05-05 16:07:59","admin","追加","FAQ-000282","Wordの印刷レイアウトが崩れます","成功","12"
"2026-05-05 16:07:59","admin","追加","FAQ-000283","Wordで共同編集できません","成功","12"
"2026-05-05 16:07:59","admin","追加","FAQ-000284","Wordでアドインが表示されません","成功","12"
"2026-05-05 16:07:59","admin","追加","FAQ-000285","Wordのライセンス認証が外れました","成功","12"
"2026-05-05 16:07:59","admin","追加","FAQ-000286","Wordで旧形式ファイルが開けません","成功","12"
"2026-05-05 16:07:59","admin","追加","FAQ-000287","PowerPointがフリーズします","成功","12"
"2026-05-05 16:07:59","admin","追加","FAQ-000288","PowerPointが起動しません","成功","12"
"2026-05-05 16:07:59","admin","追加","FAQ-000289","PowerPointでファイルを保存できません","成功","12"
"2026-05-05 16:07:59","admin","追加","FAQ-000290","PowerPointでマクロが実行できません","成功","12"
"2026-05-05 16:07:59","admin","追加","FAQ-000291","PowerPointで文字化けします","成功","12"
"2026-05-05 16:07:59","admin","追加","FAQ-000292","PowerPointの印刷レイアウトが崩れます","成功","12"
"2026-05-05 16:07:59","admin","追加","FAQ-000293","PowerPointで共同編集できません","成功","12"
"2026-05-05 16:07:59","admin","追加","FAQ-000294","PowerPointでアドインが表示されません","成功","12"
"2026-05-05 16:07:59","admin","追加","FAQ-000295","PowerPointのライセンス認証が外れました","成功","12"
"2026-05-05 16:07:59","admin","追加","FAQ-000296","PowerPointで旧形式ファイルが開けません","成功","12"
"2026-05-05 16:07:59","admin","追加","FAQ-000297","Accessがフリーズします","成功","12"
"2026-05-05 16:07:59","admin","追加","FAQ-000298","Accessが起動しません","成功","12"
"2026-05-05 16:07:59","admin","追加","FAQ-000299","Accessでファイルを保存できません","成功","12"
"2026-05-05 16:07:59","admin","追加","FAQ-000300","Accessでマクロが実行できません","成功","12"
"2026-05-05 16:07:59","admin","追加","FAQ-000301","Accessで文字化けします","成功","12"
"2026-05-05 16:07:59","admin","追加","FAQ-000302","Accessの印刷レイアウトが崩れます","成功","12"
"2026-05-05 16:07:59","admin","追加","FAQ-000303","Accessで共同編集できません","成功","12"
"2026-05-05 16:07:59","admin","追加","FAQ-000304","Accessでアドインが表示されません","成功","12"
"2026-05-05 16:07:59","admin","追加","FAQ-000305","Accessのライセンス認証が外れました","成功","12"
"2026-05-05 16:07:59","admin","追加","FAQ-000306","Accessで旧形式ファイルが開けません","成功","12"
"2026-05-05 16:07:59","admin","追加","FAQ-000307","OneNoteがフリーズします","成功","12"
"2026-05-05 16:07:59","admin","追加","FAQ-000308","OneNoteが起動しません","成功","12"
"2026-05-05 16:07:59","admin","追加","FAQ-000309","OneNoteでファイルを保存できません","成功","12"
"2026-05-05 16:07:59","admin","追加","FAQ-000310","OneNoteでマクロが実行できません","成功","12"
"2026-05-05 16:07:59","admin","追加","FAQ-000311","OneNoteで文字化けします","成功","12"
"2026-05-05 16:07:59","admin","追加","FAQ-000312","OneNoteの印刷レイアウトが崩れます","成功","12"
"2026-05-05 16:07:59","admin","追加","FAQ-000313","OneNoteで共同編集できません","成功","12"
"2026-05-05 16:07:59","admin","追加","FAQ-000314","OneNoteでアドインが表示されません","成功","12"
"2026-05-05 16:07:59","admin","追加","FAQ-000315","OneNoteのライセンス認証が外れました","成功","12"
"2026-05-05 16:07:59","admin","追加","FAQ-000316","OneNoteで旧形式ファイルが開けません","成功","12"
"2026-05-05 16:07:59","admin","追加","FAQ-000317","Teamsにサインインできません","成功","12"
"2026-05-05 16:07:59","admin","追加","FAQ-000318","Teamsで会議を開始できません","成功","12"
"2026-05-05 16:07:59","admin","追加","FAQ-000319","Teamsで画面共有できません","成功","12"
"2026-05-05 16:07:59","admin","追加","FAQ-000320","Teamsの通知が届きません","成功","12"
"2026-05-05 16:07:59","admin","追加","FAQ-000321","Teamsでマイクが使えません","成功","12"
"2026-05-05 16:07:59","admin","追加","FAQ-000322","Teamsでカメラ映像が映りません","成功","12"
"2026-05-05 16:07:59","admin","追加","FAQ-000323","Teamsの録画保存先がわかりません","成功","12"
"2026-05-05 16:07:59","admin","追加","FAQ-000324","Teamsの会議URLを発行できません","成功","12"
"2026-05-05 16:07:59","admin","追加","FAQ-000325","Teamsでゲスト参加を許可したいです","成功","12"
"2026-05-05 16:07:59","admin","追加","FAQ-000326","Teamsのメッセージ履歴が表示されません","成功","12"
"2026-05-05 16:07:59","admin","追加","FAQ-000327","Zoomにサインインできません","成功","12"
"2026-05-05 16:07:59","admin","追加","FAQ-000328","Zoomで会議を開始できません","成功","12"
"2026-05-05 16:07:59","admin","追加","FAQ-000329","Zoomで画面共有できません","成功","12"
"2026-05-05 16:07:59","admin","追加","FAQ-000330","Zoomの通知が届きません","成功","12"
"2026-05-05 16:07:59","admin","追加","FAQ-000331","Zoomでマイクが使えません","成功","12"
"2026-05-05 16:07:59","admin","追加","FAQ-000332","Zoomでカメラ映像が映りません","成功","12"
"2026-05-05 16:07:59","admin","追加","FAQ-000333","Zoomの録画保存先がわかりません","成功","12"
"2026-05-05 16:07:59","admin","追加","FAQ-000334","Zoomの会議URLを発行できません","成功","12"
"2026-05-05 16:07:59","admin","追加","FAQ-000335","Zoomでゲスト参加を許可したいです","成功","12"
"2026-05-05 16:07:59","admin","追加","FAQ-000336","Zoomのメッセージ履歴が表示されません","成功","12"
"2026-05-05 16:07:59","admin","追加","FAQ-000337","Slackにサインインできません","成功","12"
"2026-05-05 16:07:59","admin","追加","FAQ-000338","Slackで会議を開始できません","成功","12"
"2026-05-05 16:07:59","admin","追加","FAQ-000339","Slackで画面共有できません","成功","12"
"2026-05-05 16:07:59","admin","追加","FAQ-000340","Slackの通知が届きません","成功","12"
"2026-05-05 16:07:59","admin","追加","FAQ-000341","Slackでマイクが使えません","成功","12"
"2026-05-05 16:07:59","admin","追加","FAQ-000342","Slackでカメラ映像が映りません","成功","12"
"2026-05-05 16:07:59","admin","追加","FAQ-000343","Slackの録画保存先がわかりません","成功","12"
"2026-05-05 16:07:59","admin","追加","FAQ-000344","Slackの会議URLを発行できません","成功","12"
"2026-05-05 16:07:59","admin","追加","FAQ-000345","Slackでゲスト参加を許可したいです","成功","12"
"2026-05-05 16:07:59","admin","追加","FAQ-000346","Slackのメッセージ履歴が表示されません","成功","12"
"2026-05-05 16:07:59","admin","追加","FAQ-000347","Google Meetにサインインできません","成功","12"
"2026-05-05 16:07:59","admin","追加","FAQ-000348","Google Meetで会議を開始できません","成功","12"
"2026-05-05 16:07:59","admin","追加","FAQ-000349","Google Meetで画面共有できません","成功","12"
"2026-05-05 16:07:59","admin","追加","FAQ-000350","Google Meetの通知が届きません","成功","12"
"2026-05-05 16:07:59","admin","追加","FAQ-000351","Google Meetでマイクが使えません","成功","12"
"2026-05-05 16:07:59","admin","追加","FAQ-000352","Google Meetでカメラ映像が映りません","成功","12"
"2026-05-05 16:07:59","admin","追加","FAQ-000353","Google Meetの録画保存先がわかりません","成功","12"
"2026-05-05 16:07:59","admin","追加","FAQ-000354","Google Meetの会議URLを発行できません","成功","12"
"2026-05-05 16:07:59","admin","追加","FAQ-000355","Google Meetでゲスト参加を許可したいです","成功","12"
"2026-05-05 16:07:59","admin","追加","FAQ-000356","Google Meetのメッセージ履歴が表示されません","成功","12"
"2026-05-05 16:07:59","admin","追加","FAQ-000357","Webexにサインインできません","成功","12"
"2026-05-05 16:07:59","admin","追加","FAQ-000358","Webexで会議を開始できません","成功","12"
"2026-05-05 16:07:59","admin","追加","FAQ-000359","Webexで画面共有できません","成功","12"
"2026-05-05 16:07:59","admin","追加","FAQ-000360","Webexの通知が届きません","成功","12"
"2026-05-05 16:07:59","admin","追加","FAQ-000361","Webexでマイクが使えません","成功","12"
"2026-05-05 16:07:59","admin","追加","FAQ-000362","Webexでカメラ映像が映りません","成功","12"
"2026-05-05 16:07:59","admin","追加","FAQ-000363","Webexの録画保存先がわかりません","成功","12"
"2026-05-05 16:07:59","admin","追加","FAQ-000364","Webexの会議URLを発行できません","成功","12"
"2026-05-05 16:07:59","admin","追加","FAQ-000365","Webexでゲスト参加を許可したいです","成功","12"
"2026-05-05 16:07:59","admin","追加","FAQ-000366","Webexのメッセージ履歴が表示されません","成功","12"
"2026-05-05 16:07:59","admin","追加","FAQ-000367","OneDriveにアクセスできません","成功","12"
"2026-05-05 16:07:59","admin","追加","FAQ-000368","OneDriveで同期エラーが出ます","成功","12"
"2026-05-05 16:07:59","admin","追加","FAQ-000369","OneDriveで共有リンクを作成できません","成功","12"
"2026-05-05 16:07:59","admin","追加","FAQ-000370","OneDriveにファイルをアップロードできません","成功","12"
"2026-05-05 16:07:59","admin","追加","FAQ-000371","OneDriveから削除したファイルを戻したいです","成功","12"
"2026-05-05 16:07:59","admin","追加","FAQ-000372","OneDriveでフォルダ名を変更できません","成功","12"
"2026-05-05 16:07:59","admin","追加","FAQ-000373","OneDriveの容量が不足しています","成功","12"
"2026-05-05 16:07:59","admin","追加","FAQ-000374","OneDriveでアクセス権を一括変更したいです","成功","12"
"2026-05-05 16:07:59","admin","追加","FAQ-000375","OneDriveでバージョン履歴を確認したいです","成功","12"
"2026-05-05 16:07:59","admin","追加","FAQ-000376","OneDriveの同期クライアントを再設定したいです","成功","12"
"2026-05-05 16:07:59","admin","追加","FAQ-000377","SharePointサイトにアクセスできません","成功","12"
"2026-05-05 16:07:59","admin","追加","FAQ-000378","SharePointサイトで同期エラーが出ます","成功","12"
"2026-05-05 16:07:59","admin","追加","FAQ-000379","SharePointサイトで共有リンクを作成できません","成功","12"
"2026-05-05 16:07:59","admin","追加","FAQ-000380","SharePointサイトにファイルをアップロードできません","成功","12"
"2026-05-05 16:07:59","admin","追加","FAQ-000381","SharePointサイトから削除したファイルを戻したいです","成功","12"
"2026-05-05 16:07:59","admin","追加","FAQ-000382","SharePointサイトでフォルダ名を変更できません","成功","12"
"2026-05-05 16:07:59","admin","追加","FAQ-000383","SharePointサイトの容量が不足しています","成功","12"
"2026-05-05 16:07:59","admin","追加","FAQ-000384","SharePointサイトでアクセス権を一括変更したいです","成功","12"
"2026-05-05 16:07:59","admin","追加","FAQ-000385","SharePointサイトでバージョン履歴を確認したいです","成功","12"
"2026-05-05 16:07:59","admin","追加","FAQ-000386","SharePointサイトの同期クライアントを再設定したいです","成功","12"
"2026-05-05 16:07:59","admin","追加","FAQ-000387","共有フォルダにアクセスできません","成功","12"
"2026-05-05 16:07:59","admin","追加","FAQ-000388","共有フォルダで同期エラーが出ます","成功","12"
"2026-05-05 16:07:59","admin","追加","FAQ-000389","共有フォルダで共有リンクを作成できません","成功","12"
"2026-05-05 16:07:59","admin","追加","FAQ-000390","共有フォルダにファイルをアップロードできません","成功","12"
"2026-05-05 16:07:59","admin","追加","FAQ-000391","共有フォルダから削除したファイルを戻したいです","成功","12"
"2026-05-05 16:07:59","admin","追加","FAQ-000392","共有フォルダでフォルダ名を変更できません","成功","12"
"2026-05-05 16:07:59","admin","追加","FAQ-000393","共有フォルダの容量が不足しています","成功","12"
"2026-05-05 16:07:59","admin","追加","FAQ-000394","共有フォルダでアクセス権を一括変更したいです","成功","12"
"2026-05-05 16:07:59","admin","追加","FAQ-000395","共有フォルダでバージョン履歴を確認したいです","成功","12"
"2026-05-05 16:07:59","admin","追加","FAQ-000396","共有フォルダの同期クライアントを再設定したいです","成功","12"
"2026-05-05 16:07:59","admin","追加","FAQ-000397","Boxにアクセスできません","成功","12"
"2026-05-05 16:07:59","admin","追加","FAQ-000398","Boxで同期エラーが出ます","成功","12"
"2026-05-05 16:07:59","admin","追加","FAQ-000399","Boxで共有リンクを作成できません","成功","12"
"2026-05-05 16:07:59","admin","追加","FAQ-000400","Boxにファイルをアップロードできません","成功","12"
"2026-05-05 16:07:59","admin","追加","FAQ-000401","Boxから削除したファイルを戻したいです","成功","12"
"2026-05-05 16:07:59","admin","追加","FAQ-000402","Boxでフォルダ名を変更できません","成功","12"
"2026-05-05 16:07:59","admin","追加","FAQ-000403","Boxの容量が不足しています","成功","12"
"2026-05-05 16:07:59","admin","追加","FAQ-000404","Boxでアクセス権を一括変更したいです","成功","12"
"2026-05-05 16:07:59","admin","追加","FAQ-000405","Boxでバージョン履歴を確認したいです","成功","12"
"2026-05-05 16:07:59","admin","追加","FAQ-000406","Boxの同期クライアントを再設定したいです","成功","12"
"2026-05-05 16:07:59","admin","追加","FAQ-000407","NASにアクセスできません","成功","12"
"2026-05-05 16:07:59","admin","追加","FAQ-000408","NASで同期エラーが出ます","成功","12"
"2026-05-05 16:07:59","admin","追加","FAQ-000409","NASで共有リンクを作成できません","成功","12"
"2026-05-05 16:07:59","admin","追加","FAQ-000410","NASにファイルをアップロードできません","成功","12"
"2026-05-05 16:07:59","admin","追加","FAQ-000411","NASから削除したファイルを戻したいです","成功","12"
"2026-05-05 16:07:59","admin","追加","FAQ-000412","NASでフォルダ名を変更できません","成功","12"
"2026-05-05 16:07:59","admin","追加","FAQ-000413","NASの容量が不足しています","成功","12"
"2026-05-05 16:07:59","admin","追加","FAQ-000414","NASでアクセス権を一括変更したいです","成功","12"
"2026-05-05 16:07:59","admin","追加","FAQ-000415","NASでバージョン履歴を確認したいです","成功","12"
"2026-05-05 16:07:59","admin","追加","FAQ-000416","NASの同期クライアントを再設定したいです","成功","12"
"2026-05-05 16:07:59","admin","追加","FAQ-000417","複合機で印刷できません","成功","12"
"2026-05-05 16:07:59","admin","追加","FAQ-000418","複合機で紙詰まりが発生しました","成功","12"
"2026-05-05 16:07:59","admin","追加","FAQ-000419","複合機の印刷ジョブが残ったままです","成功","12"
"2026-05-05 16:07:59","admin","追加","FAQ-000420","複合機でカラー印刷できません","成功","12"
"2026-05-05 16:07:59","admin","追加","FAQ-000421","複合機のスキャンデータが届きません","成功","12"
"2026-05-05 16:07:59","admin","追加","FAQ-000422","複合機を追加したいです","成功","12"
"2026-05-05 16:07:59","admin","追加","FAQ-000423","複合機のドライバーを入れたいです","成功","12"
"2026-05-05 16:07:59","admin","追加","FAQ-000424","複合機で両面印刷ができません","成功","12"
"2026-05-05 16:07:59","admin","追加","FAQ-000425","複合機でバーコードが潰れて印刷されます","成功","12"
"2026-05-05 16:07:59","admin","追加","FAQ-000426","複合機のトナー交換時期を確認したいです","成功","12"
"2026-05-05 16:07:59","admin","追加","FAQ-000427","ネットワークプリンターで印刷できません","成功","12"
"2026-05-05 16:07:59","admin","追加","FAQ-000428","ネットワークプリンターで紙詰まりが発生しました","成功","12"
"2026-05-05 16:07:59","admin","追加","FAQ-000429","ネットワークプリンターの印刷ジョブが残ったままです","成功","12"
"2026-05-05 16:07:59","admin","追加","FAQ-000430","ネットワークプリンターでカラー印刷できません","成功","12"
"2026-05-05 16:07:59","admin","追加","FAQ-000431","ネットワークプリンターのスキャンデータが届きません","成功","12"
"2026-05-05 16:07:59","admin","追加","FAQ-000432","ネットワークプリンターを追加したいです","成功","12"
"2026-05-05 16:07:59","admin","追加","FAQ-000433","ネットワークプリンターのドライバーを入れたいです","成功","12"
"2026-05-05 16:07:59","admin","追加","FAQ-000434","ネットワークプリンターで両面印刷ができません","成功","12"
"2026-05-05 16:07:59","admin","追加","FAQ-000435","ネットワークプリンターでバーコードが潰れて印刷されます","成功","12"
"2026-05-05 16:07:59","admin","追加","FAQ-000436","ネットワークプリンターのトナー交換時期を確認したいです","成功","12"
"2026-05-05 16:07:59","admin","追加","FAQ-000437","ラベルプリンターで印刷できません","成功","12"
"2026-05-05 16:07:59","admin","追加","FAQ-000438","ラベルプリンターで紙詰まりが発生しました","成功","12"
"2026-05-05 16:07:59","admin","追加","FAQ-000439","ラベルプリンターの印刷ジョブが残ったままです","成功","12"
"2026-05-05 16:07:59","admin","追加","FAQ-000440","ラベルプリンターでカラー印刷できません","成功","12"
"2026-05-05 16:07:59","admin","追加","FAQ-000441","ラベルプリンターのスキャンデータが届きません","成功","12"
"2026-05-05 16:07:59","admin","追加","FAQ-000442","ラベルプリンターを追加したいです","成功","12"
"2026-05-05 16:07:59","admin","追加","FAQ-000443","ラベルプリンターのドライバーを入れたいです","成功","12"
"2026-05-05 16:07:59","admin","追加","FAQ-000444","ラベルプリンターで両面印刷ができません","成功","12"
"2026-05-05 16:07:59","admin","追加","FAQ-000445","ラベルプリンターでバーコードが潰れて印刷されます","成功","12"
"2026-05-05 16:07:59","admin","追加","FAQ-000446","ラベルプリンターのトナー交換時期を確認したいです","成功","12"
"2026-05-05 16:07:59","admin","追加","FAQ-000447","スキャナーで印刷できません","成功","12"
"2026-05-05 16:07:59","admin","追加","FAQ-000448","スキャナーで紙詰まりが発生しました","成功","12"
"2026-05-05 16:07:59","admin","追加","FAQ-000449","スキャナーの印刷ジョブが残ったままです","成功","12"
"2026-05-05 16:07:59","admin","追加","FAQ-000450","スキャナーでカラー印刷できません","成功","12"
"2026-05-05 16:07:59","admin","追加","FAQ-000451","スキャナーのスキャンデータが届きません","成功","12"
"2026-05-05 16:07:59","admin","追加","FAQ-000452","スキャナーを追加したいです","成功","12"
"2026-05-05 16:07:59","admin","追加","FAQ-000453","スキャナーのドライバーを入れたいです","成功","12"
"2026-05-05 16:07:59","admin","追加","FAQ-000454","スキャナーで両面印刷ができません","成功","12"
"2026-05-05 16:07:59","admin","追加","FAQ-000455","スキャナーでバーコードが潰れて印刷されます","成功","12"
"2026-05-05 16:07:59","admin","追加","FAQ-000456","スキャナーのトナー交換時期を確認したいです","成功","12"
"2026-05-05 16:07:59","admin","追加","FAQ-000457","PDFプリンターで印刷できません","成功","12"
"2026-05-05 16:07:59","admin","追加","FAQ-000458","PDFプリンターで紙詰まりが発生しました","成功","12"
"2026-05-05 16:07:59","admin","追加","FAQ-000459","PDFプリンターの印刷ジョブが残ったままです","成功","12"
"2026-05-05 16:07:59","admin","追加","FAQ-000460","PDFプリンターでカラー印刷できません","成功","12"
"2026-05-05 16:07:59","admin","追加","FAQ-000461","PDFプリンターのスキャンデータが届きません","成功","12"
"2026-05-05 16:07:59","admin","追加","FAQ-000462","PDFプリンターを追加したいです","成功","12"
"2026-05-05 16:07:59","admin","追加","FAQ-000463","PDFプリンターのドライバーを入れたいです","成功","12"
"2026-05-05 16:07:59","admin","追加","FAQ-000464","PDFプリンターで両面印刷ができません","成功","12"
"2026-05-05 16:07:59","admin","追加","FAQ-000465","PDFプリンターでバーコードが潰れて印刷されます","成功","12"
"2026-05-05 16:07:59","admin","追加","FAQ-000466","PDFプリンターのトナー交換時期を確認したいです","成功","12"
"2026-05-05 16:07:59","admin","追加","FAQ-000467","iPhoneの初期設定方法を教えてください","成功","12"
"2026-05-05 16:07:59","admin","追加","FAQ-000468","iPhoneで会社メールを受信できません","成功","12"
"2026-05-05 16:07:59","admin","追加","FAQ-000469","iPhoneの画面ロック解除ができません","成功","12"
"2026-05-05 16:07:59","admin","追加","FAQ-000470","iPhoneが紛失・盗難にあいました","成功","12"
"2026-05-05 16:07:59","admin","追加","FAQ-000471","iPhoneのSIMが認識されません","成功","12"
"2026-05-05 16:07:59","admin","追加","FAQ-000472","iPhoneでテザリングできません","成功","12"
"2026-05-05 16:07:59","admin","追加","FAQ-000473","iPhoneのOS更新ができません","成功","12"
"2026-05-05 16:07:59","admin","追加","FAQ-000474","iPhoneでアプリをインストールできません","成功","12"
"2026-05-05 16:07:59","admin","追加","FAQ-000475","iPhoneのバッテリー消耗が激しいです","成功","12"
"2026-05-05 16:07:59","admin","追加","FAQ-000476","iPhoneを機種変更したいです","成功","12"
"2026-05-05 16:07:59","admin","追加","FAQ-000477","iPadの初期設定方法を教えてください","成功","12"
"2026-05-05 16:07:59","admin","追加","FAQ-000478","iPadで会社メールを受信できません","成功","12"
"2026-05-05 16:07:59","admin","追加","FAQ-000479","iPadの画面ロック解除ができません","成功","12"
"2026-05-05 16:07:59","admin","追加","FAQ-000480","iPadが紛失・盗難にあいました","成功","12"
"2026-05-05 16:07:59","admin","追加","FAQ-000481","iPadのSIMが認識されません","成功","12"
"2026-05-05 16:07:59","admin","追加","FAQ-000482","iPadでテザリングできません","成功","12"
"2026-05-05 16:07:59","admin","追加","FAQ-000483","iPadのOS更新ができません","成功","12"
"2026-05-05 16:07:59","admin","追加","FAQ-000484","iPadでアプリをインストールできません","成功","12"
"2026-05-05 16:07:59","admin","追加","FAQ-000485","iPadのバッテリー消耗が激しいです","成功","12"
"2026-05-05 16:07:59","admin","追加","FAQ-000486","iPadを機種変更したいです","成功","12"
"2026-05-05 16:07:59","admin","追加","FAQ-000487","Androidスマホの初期設定方法を教えてください","成功","12"
"2026-05-05 16:07:59","admin","追加","FAQ-000488","Androidスマホで会社メールを受信できません","成功","12"
"2026-05-05 16:07:59","admin","追加","FAQ-000489","Androidスマホの画面ロック解除ができません","成功","12"
"2026-05-05 16:07:59","admin","追加","FAQ-000490","Androidスマホが紛失・盗難にあいました","成功","12"
"2026-05-05 16:07:59","admin","追加","FAQ-000491","AndroidスマホのSIMが認識されません","成功","12"
"2026-05-05 16:07:59","admin","追加","FAQ-000492","Androidスマホでテザリングできません","成功","12"
"2026-05-05 16:07:59","admin","追加","FAQ-000493","AndroidスマホのOS更新ができません","成功","12"
"2026-05-05 16:07:59","admin","追加","FAQ-000494","Androidスマホでアプリをインストールできません","成功","12"
"2026-05-05 16:07:59","admin","追加","FAQ-000495","Androidスマホのバッテリー消耗が激しいです","成功","12"
"2026-05-05 16:07:59","admin","追加","FAQ-000496","Androidスマホを機種変更したいです","成功","12"
"2026-05-05 16:07:59","admin","追加","FAQ-000497","社用ガラホの初期設定方法を教えてください","成功","12"
"2026-05-05 16:07:59","admin","追加","FAQ-000498","社用ガラホで会社メールを受信できません","成功","12"
"2026-05-05 16:07:59","admin","追加","FAQ-000499","社用ガラホの画面ロック解除ができません","成功","12"
"2026-05-05 16:07:59","admin","追加","FAQ-000500","社用ガラホが紛失・盗難にあいました","成功","12"
"2026-05-05 16:07:59","admin","追加","FAQ-000501","社用ガラホのSIMが認識されません","成功","12"
"2026-05-05 16:07:59","admin","追加","FAQ-000502","社用ガラホでテザリングできません","成功","12"
"2026-05-05 16:07:59","admin","追加","FAQ-000503","社用ガラホのOS更新ができません","成功","12"
"2026-05-05 16:07:59","admin","追加","FAQ-000504","社用ガラホでアプリをインストールできません","成功","12"
"2026-05-05 16:07:59","admin","追加","FAQ-000505","社用ガラホのバッテリー消耗が激しいです","成功","12"
"2026-05-05 16:07:59","admin","追加","FAQ-000506","社用ガラホを機種変更したいです","成功","12"
"2026-05-05 16:07:59","admin","追加","FAQ-000507","モバイルルーターの初期設定方法を教えてください","成功","12"
"2026-05-05 16:07:59","admin","追加","FAQ-000508","モバイルルーターで会社メールを受信できません","成功","12"
"2026-05-05 16:07:59","admin","追加","FAQ-000509","モバイルルーターの画面ロック解除ができません","成功","12"
"2026-05-05 16:07:59","admin","追加","FAQ-000510","モバイルルーターが紛失・盗難にあいました","成功","12"
"2026-05-05 16:07:59","admin","追加","FAQ-000511","モバイルルーターのSIMが認識されません","成功","12"
"2026-05-05 16:07:59","admin","追加","FAQ-000512","モバイルルーターでテザリングできません","成功","12"
"2026-05-05 16:07:59","admin","追加","FAQ-000513","モバイルルーターのOS更新ができません","成功","12"
"2026-05-05 16:07:59","admin","追加","FAQ-000514","モバイルルーターでアプリをインストールできません","成功","12"
"2026-05-05 16:07:59","admin","追加","FAQ-000515","モバイルルーターのバッテリー消耗が激しいです","成功","12"
"2026-05-05 16:07:59","admin","追加","FAQ-000516","モバイルルーターを機種変更したいです","成功","12"
"2026-05-05 16:07:59","admin","追加","FAQ-000517","MFAの登録方法がわかりません","成功","12"
"2026-05-05 16:07:59","admin","追加","FAQ-000518","MFAで認証コードが受け取れません","成功","12"
"2026-05-05 16:07:59","admin","追加","FAQ-000519","MFAが脅威を検知したと表示しました","成功","12"
"2026-05-05 16:07:59","admin","追加","FAQ-000520","MFAでUSB利用がブロックされました","成功","12"
"2026-05-05 16:07:59","admin","追加","FAQ-000521","MFAの回復キーが必要です","成功","12"
"2026-05-05 16:07:59","admin","追加","FAQ-000522","MFAの更新が止まっています","成功","12"
"2026-05-05 16:07:59","admin","追加","FAQ-000523","MFAの警告が頻繁に出ます","成功","12"
"2026-05-05 16:07:59","admin","追加","FAQ-000524","MFAの適用状況を確認したいです","成功","12"
"2026-05-05 16:07:59","admin","追加","FAQ-000525","MFAで外部メディア書き込みを許可したいです","成功","12"
"2026-05-05 16:07:59","admin","追加","FAQ-000526","MFAのポリシー除外申請をしたいです","成功","12"
"2026-05-05 16:07:59","admin","追加","FAQ-000527","EDRの登録方法がわかりません","成功","12"
"2026-05-05 16:07:59","admin","追加","FAQ-000528","EDRで認証コードが受け取れません","成功","12"
"2026-05-05 16:07:59","admin","追加","FAQ-000529","EDRが脅威を検知したと表示しました","成功","12"
"2026-05-05 16:07:59","admin","追加","FAQ-000530","EDRでUSB利用がブロックされました","成功","12"
"2026-05-05 16:07:59","admin","追加","FAQ-000531","EDRの回復キーが必要です","成功","12"
"2026-05-05 16:07:59","admin","追加","FAQ-000532","EDRの更新が止まっています","成功","12"
"2026-05-05 16:07:59","admin","追加","FAQ-000533","EDRの警告が頻繁に出ます","成功","12"
"2026-05-05 16:07:59","admin","追加","FAQ-000534","EDRの適用状況を確認したいです","成功","12"
"2026-05-05 16:07:59","admin","追加","FAQ-000535","EDRで外部メディア書き込みを許可したいです","成功","12"
"2026-05-05 16:07:59","admin","追加","FAQ-000536","EDRのポリシー除外申請をしたいです","成功","12"
"2026-05-05 16:07:59","admin","追加","FAQ-000537","ウイルス対策ソフトの登録方法がわかりません","成功","12"
"2026-05-05 16:07:59","admin","追加","FAQ-000538","ウイルス対策ソフトで認証コードが受け取れません","成功","12"
"2026-05-05 16:07:59","admin","追加","FAQ-000539","ウイルス対策ソフトが脅威を検知したと表示しました","成功","12"
"2026-05-05 16:07:59","admin","追加","FAQ-000540","ウイルス対策ソフトでUSB利用がブロックされました","成功","12"
"2026-05-05 16:07:59","admin","追加","FAQ-000541","ウイルス対策ソフトの回復キーが必要です","成功","12"
"2026-05-05 16:07:59","admin","追加","FAQ-000542","ウイルス対策ソフトの更新が止まっています","成功","12"
"2026-05-05 16:07:59","admin","追加","FAQ-000543","ウイルス対策ソフトの警告が頻繁に出ます","成功","12"
"2026-05-05 16:07:59","admin","追加","FAQ-000544","ウイルス対策ソフトの適用状況を確認したいです","成功","12"
"2026-05-05 16:07:59","admin","追加","FAQ-000545","ウイルス対策ソフトで外部メディア書き込みを許可したいです","成功","12"
"2026-05-05 16:07:59","admin","追加","FAQ-000546","ウイルス対策ソフトのポリシー除外申請をしたいです","成功","12"
"2026-05-05 16:07:59","admin","追加","FAQ-000547","BitLockerの登録方法がわかりません","成功","12"
"2026-05-05 16:07:59","admin","追加","FAQ-000548","BitLockerで認証コードが受け取れません","成功","12"
"2026-05-05 16:07:59","admin","追加","FAQ-000549","BitLockerが脅威を検知したと表示しました","成功","12"
"2026-05-05 16:07:59","admin","追加","FAQ-000550","BitLockerでUSB利用がブロックされました","成功","12"
"2026-05-05 16:07:59","admin","追加","FAQ-000551","BitLockerの回復キーが必要です","成功","12"
"2026-05-05 16:07:59","admin","追加","FAQ-000552","BitLockerの更新が止まっています","成功","12"
"2026-05-05 16:07:59","admin","追加","FAQ-000553","BitLockerの警告が頻繁に出ます","成功","12"
"2026-05-05 16:07:59","admin","追加","FAQ-000554","BitLockerの適用状況を確認したいです","成功","12"
"2026-05-05 16:07:59","admin","追加","FAQ-000555","BitLockerで外部メディア書き込みを許可したいです","成功","12"
"2026-05-05 16:07:59","admin","追加","FAQ-000556","BitLockerのポリシー除外申請をしたいです","成功","12"
"2026-05-05 16:07:59","admin","追加","FAQ-000557","デバイス制御の登録方法がわかりません","成功","12"
"2026-05-05 16:07:59","admin","追加","FAQ-000558","デバイス制御で認証コードが受け取れません","成功","12"
"2026-05-05 16:07:59","admin","追加","FAQ-000559","デバイス制御が脅威を検知したと表示しました","成功","12"
"2026-05-05 16:07:59","admin","追加","FAQ-000560","デバイス制御でUSB利用がブロックされました","成功","12"
"2026-05-05 16:07:59","admin","追加","FAQ-000561","デバイス制御の回復キーが必要です","成功","12"
"2026-05-05 16:07:59","admin","追加","FAQ-000562","デバイス制御の更新が止まっています","成功","12"
"2026-05-05 16:07:59","admin","追加","FAQ-000563","デバイス制御の警告が頻繁に出ます","成功","12"
"2026-05-05 16:07:59","admin","追加","FAQ-000564","デバイス制御の適用状況を確認したいです","成功","12"
"2026-05-05 16:07:59","admin","追加","FAQ-000565","デバイス制御で外部メディア書き込みを許可したいです","成功","12"
"2026-05-05 16:07:59","admin","追加","FAQ-000566","デバイス制御のポリシー除外申請をしたいです","成功","12"
"2026-05-05 16:07:59","admin","追加","FAQ-000567","新規PC申請の申請方法を教えてください","成功","12"
"2026-05-05 16:07:59","admin","追加","FAQ-000568","新規PC申請の承認状況を確認したいです","成功","12"
"2026-05-05 16:07:59","admin","追加","FAQ-000569","新規PC申請を急ぎで処理してほしいです","成功","12"
"2026-05-05 16:07:59","admin","追加","FAQ-000570","新規PC申請の入力項目がわかりません","成功","12"
"2026-05-05 16:07:59","admin","追加","FAQ-000571","新規PC申請を代理申請したいです","成功","12"
"2026-05-05 16:07:59","admin","追加","FAQ-000572","新規PC申請の申請を取り下げたいです","成功","12"
"2026-05-05 16:07:59","admin","追加","FAQ-000573","新規PC申請で対象システムが選べません","成功","12"
"2026-05-05 16:07:59","admin","追加","FAQ-000574","新規PC申請の見積もりを先にほしいです","成功","12"
"2026-05-05 16:07:59","admin","追加","FAQ-000575","新規PC申請の標準納期を知りたいです","成功","12"
"2026-05-05 16:07:59","admin","追加","FAQ-000576","新規PC申請の承認者を変更したいです","成功","12"
"2026-05-05 16:07:59","admin","追加","FAQ-000577","ソフトウェア申請の申請方法を教えてください","成功","12"
"2026-05-05 16:07:59","admin","追加","FAQ-000578","ソフトウェア申請の承認状況を確認したいです","成功","12"
"2026-05-05 16:07:59","admin","追加","FAQ-000579","ソフトウェア申請を急ぎで処理してほしいです","成功","12"
"2026-05-05 16:07:59","admin","追加","FAQ-000580","ソフトウェア申請の入力項目がわかりません","成功","12"
"2026-05-05 16:07:59","admin","追加","FAQ-000581","ソフトウェア申請を代理申請したいです","成功","12"
"2026-05-05 16:07:59","admin","追加","FAQ-000582","ソフトウェア申請の申請を取り下げたいです","成功","12"
"2026-05-05 16:07:59","admin","追加","FAQ-000583","ソフトウェア申請で対象システムが選べません","成功","12"
"2026-05-05 16:07:59","admin","追加","FAQ-000584","ソフトウェア申請の見積もりを先にほしいです","成功","12"
"2026-05-05 16:07:59","admin","追加","FAQ-000585","ソフトウェア申請の標準納期を知りたいです","成功","12"
"2026-05-05 16:07:59","admin","追加","FAQ-000586","ソフトウェア申請の承認者を変更したいです","成功","12"
"2026-05-05 16:07:59","admin","追加","FAQ-000587","アカウント申請の申請方法を教えてください","成功","12"
"2026-05-05 16:07:59","admin","追加","FAQ-000588","アカウント申請の承認状況を確認したいです","成功","12"
"2026-05-05 16:07:59","admin","追加","FAQ-000589","アカウント申請を急ぎで処理してほしいです","成功","12"
"2026-05-05 16:07:59","admin","追加","FAQ-000590","アカウント申請の入力項目がわかりません","成功","12"
"2026-05-05 16:07:59","admin","追加","FAQ-000591","アカウント申請を代理申請したいです","成功","12"
"2026-05-05 16:07:59","admin","追加","FAQ-000592","アカウント申請の申請を取り下げたいです","成功","12"
"2026-05-05 16:07:59","admin","追加","FAQ-000593","アカウント申請で対象システムが選べません","成功","12"
"2026-05-05 16:07:59","admin","追加","FAQ-000594","アカウント申請の見積もりを先にほしいです","成功","12"
"2026-05-05 16:07:59","admin","追加","FAQ-000595","アカウント申請の標準納期を知りたいです","成功","12"
"2026-05-05 16:07:59","admin","追加","FAQ-000596","アカウント申請の承認者を変更したいです","成功","12"
"2026-05-05 16:07:59","admin","追加","FAQ-000597","権限申請の申請方法を教えてください","成功","12"
"2026-05-05 16:07:59","admin","追加","FAQ-000598","権限申請の承認状況を確認したいです","成功","12"
"2026-05-05 16:07:59","admin","追加","FAQ-000599","権限申請を急ぎで処理してほしいです","成功","12"
"2026-05-05 16:07:59","admin","追加","FAQ-000600","権限申請の入力項目がわかりません","成功","12"
"2026-05-05 16:07:59","admin","追加","FAQ-000601","権限申請を代理申請したいです","成功","12"
"2026-05-05 16:07:59","admin","追加","FAQ-000602","権限申請の申請を取り下げたいです","成功","12"
"2026-05-05 16:07:59","admin","追加","FAQ-000603","権限申請で対象システムが選べません","成功","12"
"2026-05-05 16:07:59","admin","追加","FAQ-000604","権限申請の見積もりを先にほしいです","成功","12"
"2026-05-05 16:07:59","admin","追加","FAQ-000605","権限申請の標準納期を知りたいです","成功","12"
"2026-05-05 16:07:59","admin","追加","FAQ-000606","権限申請の承認者を変更したいです","成功","12"
"2026-05-05 16:07:59","admin","追加","FAQ-000607","備品申請の申請方法を教えてください","成功","12"
"2026-05-05 16:07:59","admin","追加","FAQ-000608","備品申請の承認状況を確認したいです","成功","12"
"2026-05-05 16:07:59","admin","追加","FAQ-000609","備品申請を急ぎで処理してほしいです","成功","12"
"2026-05-05 16:07:59","admin","追加","FAQ-000610","備品申請の入力項目がわかりません","成功","12"
"2026-05-05 16:07:59","admin","追加","FAQ-000611","備品申請を代理申請したいです","成功","12"
"2026-05-05 16:07:59","admin","追加","FAQ-000612","備品申請の申請を取り下げたいです","成功","12"
"2026-05-05 16:07:59","admin","追加","FAQ-000613","備品申請で対象システムが選べません","成功","12"
"2026-05-05 16:07:59","admin","追加","FAQ-000614","備品申請の見積もりを先にほしいです","成功","12"
"2026-05-05 16:07:59","admin","追加","FAQ-000615","備品申請の標準納期を知りたいです","成功","12"
"2026-05-05 16:07:59","admin","追加","FAQ-000616","備品申請の承認者を変更したいです","成功","12"
"2026-05-05 16:07:59","admin","追加","FAQ-000617","勤怠システムにログインできません","成功","12"
"2026-05-05 16:07:59","admin","追加","FAQ-000618","勤怠システムでエラーコードが表示されます","成功","12"
"2026-05-05 16:07:59","admin","追加","FAQ-000619","勤怠システムで承認画面が開きません","成功","12"
"2026-05-05 16:07:59","admin","追加","FAQ-000620","勤怠システムのデータが更新されません","成功","12"
"2026-05-05 16:07:59","admin","追加","FAQ-000621","勤怠システムでCSV取込に失敗します","成功","12"
"2026-05-05 16:07:59","admin","追加","FAQ-000622","勤怠システムで帳票を出力できません","成功","12"
"2026-05-05 16:07:59","admin","追加","FAQ-000623","勤怠システムの通知メールが届きません","成功","12"
"2026-05-05 16:07:59","admin","追加","FAQ-000624","勤怠システムの権限を追加したいです","成功","12"
"2026-05-05 16:07:59","admin","追加","FAQ-000625","勤怠システムで検索結果が0件になります","成功","12"
"2026-05-05 16:07:59","admin","追加","FAQ-000626","勤怠システムの利用マニュアルを見たいです","成功","12"
"2026-05-05 16:07:59","admin","追加","FAQ-000627","経費精算システムにログインできません","成功","12"
"2026-05-05 16:07:59","admin","追加","FAQ-000628","経費精算システムでエラーコードが表示されます","成功","12"
"2026-05-05 16:07:59","admin","追加","FAQ-000629","経費精算システムで承認画面が開きません","成功","12"
"2026-05-05 16:07:59","admin","追加","FAQ-000630","経費精算システムのデータが更新されません","成功","12"
"2026-05-05 16:07:59","admin","追加","FAQ-000631","経費精算システムでCSV取込に失敗します","成功","12"
"2026-05-05 16:07:59","admin","追加","FAQ-000632","経費精算システムで帳票を出力できません","成功","12"
"2026-05-05 16:07:59","admin","追加","FAQ-000633","経費精算システムの通知メールが届きません","成功","12"
"2026-05-05 16:07:59","admin","追加","FAQ-000634","経費精算システムの権限を追加したいです","成功","12"
"2026-05-05 16:07:59","admin","追加","FAQ-000635","経費精算システムで検索結果が0件になります","成功","12"
"2026-05-05 16:07:59","admin","追加","FAQ-000636","経費精算システムの利用マニュアルを見たいです","成功","12"
"2026-05-05 16:07:59","admin","追加","FAQ-000637","ワークフローにログインできません","成功","12"
"2026-05-05 16:07:59","admin","追加","FAQ-000638","ワークフローでエラーコードが表示されます","成功","12"
"2026-05-05 16:07:59","admin","追加","FAQ-000639","ワークフローで承認画面が開きません","成功","12"
"2026-05-05 16:07:59","admin","追加","FAQ-000640","ワークフローのデータが更新されません","成功","12"
"2026-05-05 16:07:59","admin","追加","FAQ-000641","ワークフローでCSV取込に失敗します","成功","12"
"2026-05-05 16:07:59","admin","追加","FAQ-000642","ワークフローで帳票を出力できません","成功","12"
"2026-05-05 16:07:59","admin","追加","FAQ-000643","ワークフローの通知メールが届きません","成功","12"
"2026-05-05 16:07:59","admin","追加","FAQ-000644","ワークフローの権限を追加したいです","成功","12"
"2026-05-05 16:07:59","admin","追加","FAQ-000645","ワークフローで検索結果が0件になります","成功","12"
"2026-05-05 16:07:59","admin","追加","FAQ-000646","ワークフローの利用マニュアルを見たいです","成功","12"
"2026-05-05 16:07:59","admin","追加","FAQ-000647","ERPにログインできません","成功","12"
"2026-05-05 16:07:59","admin","追加","FAQ-000648","ERPでエラーコードが表示されます","成功","12"
"2026-05-05 16:07:59","admin","追加","FAQ-000649","ERPで承認画面が開きません","成功","12"
"2026-05-05 16:07:59","admin","追加","FAQ-000650","ERPのデータが更新されません","成功","12"
"2026-05-05 16:07:59","admin","追加","FAQ-000651","ERPでCSV取込に失敗します","成功","12"
"2026-05-05 16:07:59","admin","追加","FAQ-000652","ERPで帳票を出力できません","成功","12"
"2026-05-05 16:07:59","admin","追加","FAQ-000653","ERPの通知メールが届きません","成功","12"
"2026-05-05 16:07:59","admin","追加","FAQ-000654","ERPの権限を追加したいです","成功","12"
"2026-05-05 16:07:59","admin","追加","FAQ-000655","ERPで検索結果が0件になります","成功","12"
"2026-05-05 16:07:59","admin","追加","FAQ-000656","ERPの利用マニュアルを見たいです","成功","12"
"2026-05-05 16:07:59","admin","追加","FAQ-000657","CRMにログインできません","成功","12"
"2026-05-05 16:07:59","admin","追加","FAQ-000658","CRMでエラーコードが表示されます","成功","12"
"2026-05-05 16:07:59","admin","追加","FAQ-000659","CRMで承認画面が開きません","成功","12"
"2026-05-05 16:07:59","admin","追加","FAQ-000660","CRMのデータが更新されません","成功","12"
"2026-05-05 16:07:59","admin","追加","FAQ-000661","CRMでCSV取込に失敗します","成功","12"
"2026-05-05 16:07:59","admin","追加","FAQ-000662","CRMで帳票を出力できません","成功","12"
"2026-05-05 16:07:59","admin","追加","FAQ-000663","CRMの通知メールが届きません","成功","12"
"2026-05-05 16:07:59","admin","追加","FAQ-000664","CRMの権限を追加したいです","成功","12"
"2026-05-05 16:07:59","admin","追加","FAQ-000665","CRMで検索結果が0件になります","成功","12"
"2026-05-05 16:07:59","admin","追加","FAQ-000666","CRMの利用マニュアルを見たいです","成功","12"
"2026-05-05 16:07:59","admin","追加","FAQ-000667","Chromeが起動しません","成功","12"
"2026-05-05 16:07:59","admin","追加","FAQ-000668","Chromeでページ表示が崩れます","成功","12"
"2026-05-05 16:07:59","admin","追加","FAQ-000669","Chromeでダウンロードがブロックされます","成功","12"
"2026-05-05 16:07:59","admin","追加","FAQ-000670","Chromeで証明書エラーが表示されます","成功","12"
"2026-05-05 16:07:59","admin","追加","FAQ-000671","Chromeでポップアップが開きません","成功","12"
"2026-05-05 16:07:59","admin","追加","FAQ-000672","Chromeのキャッシュを削除したいです","成功","12"
"2026-05-05 16:07:59","admin","追加","FAQ-000673","Chromeで拡張機能を追加したいです","成功","12"
"2026-05-05 16:07:59","admin","追加","FAQ-000674","Chromeで社内サイトにアクセスするとループします","成功","12"
"2026-05-05 16:07:59","admin","追加","FAQ-000675","Chromeから印刷プレビューが開きません","成功","12"
"2026-05-05 16:07:59","admin","追加","FAQ-000676","Chromeのブックマークを別PCへ移行したいです","成功","12"
"2026-05-05 16:07:59","admin","追加","FAQ-000677","Edgeが起動しません","成功","12"
"2026-05-05 16:07:59","admin","追加","FAQ-000678","Edgeでページ表示が崩れます","成功","12"
"2026-05-05 16:07:59","admin","追加","FAQ-000679","Edgeでダウンロードがブロックされます","成功","12"
"2026-05-05 16:07:59","admin","追加","FAQ-000680","Edgeで証明書エラーが表示されます","成功","12"
"2026-05-05 16:07:59","admin","追加","FAQ-000681","Edgeでポップアップが開きません","成功","12"
"2026-05-05 16:07:59","admin","追加","FAQ-000682","Edgeのキャッシュを削除したいです","成功","12"
"2026-05-05 16:07:59","admin","追加","FAQ-000683","Edgeで拡張機能を追加したいです","成功","12"
"2026-05-05 16:07:59","admin","追加","FAQ-000684","Edgeで社内サイトにアクセスするとループします","成功","12"
"2026-05-05 16:07:59","admin","追加","FAQ-000685","Edgeから印刷プレビューが開きません","成功","12"
"2026-05-05 16:07:59","admin","追加","FAQ-000686","Edgeのブックマークを別PCへ移行したいです","成功","12"
"2026-05-05 16:07:59","admin","追加","FAQ-000687","Firefoxが起動しません","成功","12"
"2026-05-05 16:07:59","admin","追加","FAQ-000688","Firefoxでページ表示が崩れます","成功","12"
"2026-05-05 16:07:59","admin","追加","FAQ-000689","Firefoxでダウンロードがブロックされます","成功","12"
"2026-05-05 16:07:59","admin","追加","FAQ-000690","Firefoxで証明書エラーが表示されます","成功","12"
"2026-05-05 16:07:59","admin","追加","FAQ-000691","Firefoxでポップアップが開きません","成功","12"
"2026-05-05 16:07:59","admin","追加","FAQ-000692","Firefoxのキャッシュを削除したいです","成功","12"
"2026-05-05 16:07:59","admin","追加","FAQ-000693","Firefoxで拡張機能を追加したいです","成功","12"
"2026-05-05 16:07:59","admin","追加","FAQ-000694","Firefoxで社内サイトにアクセスするとループします","成功","12"
"2026-05-05 16:07:59","admin","追加","FAQ-000695","Firefoxから印刷プレビューが開きません","成功","12"
"2026-05-05 16:07:59","admin","追加","FAQ-000696","Firefoxのブックマークを別PCへ移行したいです","成功","12"
"2026-05-05 16:07:59","admin","追加","FAQ-000697","社内Webポータルが起動しません","成功","12"
"2026-05-05 16:07:59","admin","追加","FAQ-000698","社内Webポータルでページ表示が崩れます","成功","12"
"2026-05-05 16:07:59","admin","追加","FAQ-000699","社内Webポータルでダウンロードがブロックされます","成功","12"
"2026-05-05 16:07:59","admin","追加","FAQ-000700","社内Webポータルで証明書エラーが表示されます","成功","12"
"2026-05-05 16:07:59","admin","追加","FAQ-000701","社内Webポータルでポップアップが開きません","成功","12"
"2026-05-05 16:07:59","admin","追加","FAQ-000702","社内Webポータルのキャッシュを削除したいです","成功","12"
"2026-05-05 16:07:59","admin","追加","FAQ-000703","社内Webポータルで拡張機能を追加したいです","成功","12"
"2026-05-05 16:07:59","admin","追加","FAQ-000704","社内Webポータルで社内サイトにアクセスするとループします","成功","12"
"2026-05-05 16:07:59","admin","追加","FAQ-000705","社内Webポータルから印刷プレビューが開きません","成功","12"
"2026-05-05 16:07:59","admin","追加","FAQ-000706","社内Webポータルのブックマークを別PCへ移行したいです","成功","12"
"2026-05-05 16:07:59","admin","追加","FAQ-000707","SSOログイン画面が起動しません","成功","12"
"2026-05-05 16:07:59","admin","追加","FAQ-000708","SSOログイン画面でページ表示が崩れます","成功","12"
"2026-05-05 16:07:59","admin","追加","FAQ-000709","SSOログイン画面でダウンロードがブロックされます","成功","12"
"2026-05-05 16:07:59","admin","追加","FAQ-000710","SSOログイン画面で証明書エラーが表示されます","成功","12"
"2026-05-05 16:07:59","admin","追加","FAQ-000711","SSOログイン画面でポップアップが開きません","成功","12"
"2026-05-05 16:07:59","admin","追加","FAQ-000712","SSOログイン画面のキャッシュを削除したいです","成功","12"
"2026-05-05 16:07:59","admin","追加","FAQ-000713","SSOログイン画面で拡張機能を追加したいです","成功","12"
"2026-05-05 16:07:59","admin","追加","FAQ-000714","SSOログイン画面で社内サイトにアクセスするとループします","成功","12"
"2026-05-05 16:07:59","admin","追加","FAQ-000715","SSOログイン画面から印刷プレビューが開きません","成功","12"
"2026-05-05 16:07:59","admin","追加","FAQ-000716","SSOログイン画面のブックマークを別PCへ移行したいです","成功","12"
"2026-05-05 16:07:59","admin","追加","FAQ-000717","在宅勤務PCで社内業務ができません","成功","12"
"2026-05-05 16:07:59","admin","追加","FAQ-000718","在宅勤務PC経由で接続すると遅いです","成功","12"
"2026-05-05 16:07:59","admin","追加","FAQ-000719","在宅勤務PCに接続できません","成功","12"
"2026-05-05 16:07:59","admin","追加","FAQ-000720","在宅勤務PCで画面が固まります","成功","12"
"2026-05-05 16:07:59","admin","追加","FAQ-000721","在宅勤務PCで音声会議が途切れます","成功","12"
"2026-05-05 16:07:59","admin","追加","FAQ-000722","在宅勤務PCの周辺機器が認識されません","成功","12"
"2026-05-05 16:07:59","admin","追加","FAQ-000723","在宅勤務PCの利用ルールを確認したいです","成功","12"
"2026-05-05 16:07:59","admin","追加","FAQ-000724","在宅勤務PCで印刷したいです","成功","12"
"2026-05-05 16:07:59","admin","追加","FAQ-000725","在宅勤務PCで社内共有フォルダへアクセスできません","成功","12"
"2026-05-05 16:07:59","admin","追加","FAQ-000726","在宅勤務PCを交換したいです","成功","12"
"2026-05-05 16:07:59","admin","追加","FAQ-000727","自宅Wi-Fiで社内業務ができません","成功","12"
"2026-05-05 16:07:59","admin","追加","FAQ-000728","自宅Wi-Fi経由で接続すると遅いです","成功","12"
"2026-05-05 16:07:59","admin","追加","FAQ-000729","自宅Wi-Fiに接続できません","成功","12"
"2026-05-05 16:07:59","admin","追加","FAQ-000730","自宅Wi-Fiで画面が固まります","成功","12"
"2026-05-05 16:07:59","admin","追加","FAQ-000731","自宅Wi-Fiで音声会議が途切れます","成功","12"
"2026-05-05 16:07:59","admin","追加","FAQ-000732","自宅Wi-Fiの周辺機器が認識されません","成功","12"
"2026-05-05 16:07:59","admin","追加","FAQ-000733","自宅Wi-Fiの利用ルールを確認したいです","成功","12"
"2026-05-05 16:07:59","admin","追加","FAQ-000734","自宅Wi-Fiで印刷したいです","成功","12"
"2026-05-05 16:07:59","admin","追加","FAQ-000735","自宅Wi-Fiで社内共有フォルダへアクセスできません","成功","12"
"2026-05-05 16:07:59","admin","追加","FAQ-000736","自宅Wi-Fiを交換したいです","成功","12"
"2026-05-05 16:07:59","admin","追加","FAQ-000737","VDIで社内業務ができません","成功","12"
"2026-05-05 16:07:59","admin","追加","FAQ-000738","VDI経由で接続すると遅いです","成功","12"
"2026-05-05 16:07:59","admin","追加","FAQ-000739","VDIに接続できません","成功","12"
"2026-05-05 16:07:59","admin","追加","FAQ-000740","VDIで画面が固まります","成功","12"
"2026-05-05 16:07:59","admin","追加","FAQ-000741","VDIで音声会議が途切れます","成功","12"
"2026-05-05 16:07:59","admin","追加","FAQ-000742","VDIの周辺機器が認識されません","成功","12"
"2026-05-05 16:07:59","admin","追加","FAQ-000743","VDIの利用ルールを確認したいです","成功","12"
"2026-05-05 16:07:59","admin","追加","FAQ-000744","VDIで印刷したいです","成功","12"
"2026-05-05 16:07:59","admin","追加","FAQ-000745","VDIで社内共有フォルダへアクセスできません","成功","12"
"2026-05-05 16:07:59","admin","追加","FAQ-000746","VDIを交換したいです","成功","12"
"2026-05-05 16:07:59","admin","追加","FAQ-000747","リモートデスクトップで社内業務ができません","成功","12"
"2026-05-05 16:07:59","admin","追加","FAQ-000748","リモートデスクトップ経由で接続すると遅いです","成功","12"
"2026-05-05 16:07:59","admin","追加","FAQ-000749","リモートデスクトップに接続できません","成功","12"
"2026-05-05 16:07:59","admin","追加","FAQ-000750","リモートデスクトップで画面が固まります","成功","12"
"2026-05-05 16:07:59","admin","追加","FAQ-000751","リモートデスクトップで音声会議が途切れます","成功","12"
"2026-05-05 16:07:59","admin","追加","FAQ-000752","リモートデスクトップの周辺機器が認識されません","成功","12"
"2026-05-05 16:07:59","admin","追加","FAQ-000753","リモートデスクトップの利用ルールを確認したいです","成功","12"
"2026-05-05 16:07:59","admin","追加","FAQ-000754","リモートデスクトップで印刷したいです","成功","12"
"2026-05-05 16:07:59","admin","追加","FAQ-000755","リモートデスクトップで社内共有フォルダへアクセスできません","成功","12"
"2026-05-05 16:07:59","admin","追加","FAQ-000756","リモートデスクトップを交換したいです","成功","12"
"2026-05-05 16:07:59","admin","追加","FAQ-000757","USBドックで社内業務ができません","成功","12"
"2026-05-05 16:07:59","admin","追加","FAQ-000758","USBドック経由で接続すると遅いです","成功","12"
"2026-05-05 16:07:59","admin","追加","FAQ-000759","USBドックに接続できません","成功","12"
"2026-05-05 16:07:59","admin","追加","FAQ-000760","USBドックで画面が固まります","成功","12"
"2026-05-05 16:07:59","admin","追加","FAQ-000761","USBドックで音声会議が途切れます","成功","12"
"2026-05-05 16:07:59","admin","追加","FAQ-000762","USBドックの周辺機器が認識されません","成功","12"
"2026-05-05 16:07:59","admin","追加","FAQ-000763","USBドックの利用ルールを確認したいです","成功","12"
"2026-05-05 16:07:59","admin","追加","FAQ-000764","USBドックで印刷したいです","成功","12"
"2026-05-05 16:07:59","admin","追加","FAQ-000765","USBドックで社内共有フォルダへアクセスできません","成功","12"
"2026-05-05 16:07:59","admin","追加","FAQ-000766","USBドックを交換したいです","成功","12"
"2026-05-05 16:07:59","admin","追加","FAQ-000767","入社初日セットアップの準備状況を確認したいです","成功","12"
"2026-05-05 16:07:59","admin","追加","FAQ-000768","入社初日セットアップで必要なアカウントが不足しています","成功","12"
"2026-05-05 16:07:59","admin","追加","FAQ-000769","入社初日セットアップの反映が遅れています","成功","12"
"2026-05-05 16:07:59","admin","追加","FAQ-000770","入社初日セットアップでメール転送を設定したいです","成功","12"
"2026-05-05 16:07:59","admin","追加","FAQ-000771","入社初日セットアップのデータ保存先を相談したいです","成功","12"
"2026-05-05 16:07:59","admin","追加","FAQ-000772","入社初日セットアップの返却物一覧を知りたいです","成功","12"
"2026-05-05 16:07:59","admin","追加","FAQ-000773","入社初日セットアップで旧部署の権限を削除したいです","成功","12"
"2026-05-05 16:07:59","admin","追加","FAQ-000774","入社初日セットアップで新部署の共有フォルダに追加したいです","成功","12"
"2026-05-05 16:07:59","admin","追加","FAQ-000775","入社初日セットアップのチェックリストを再送してほしいです","成功","12"
"2026-05-05 16:07:59","admin","追加","FAQ-000776","入社初日セットアップの対応期限を確認したいです","成功","12"
"2026-05-05 16:07:59","admin","追加","FAQ-000777","人事連携の準備状況を確認したいです","成功","12"
"2026-05-05 16:07:59","admin","追加","FAQ-000778","人事連携で必要なアカウントが不足しています","成功","12"
"2026-05-05 16:07:59","admin","追加","FAQ-000779","人事連携の反映が遅れています","成功","12"
"2026-05-05 16:07:59","admin","追加","FAQ-000780","人事連携でメール転送を設定したいです","成功","12"
"2026-05-05 16:07:59","admin","追加","FAQ-000781","人事連携のデータ保存先を相談したいです","成功","12"
"2026-05-05 16:07:59","admin","追加","FAQ-000782","人事連携の返却物一覧を知りたいです","成功","12"
"2026-05-05 16:07:59","admin","追加","FAQ-000783","人事連携で旧部署の権限を削除したいです","成功","12"
"2026-05-05 16:07:59","admin","追加","FAQ-000784","人事連携で新部署の共有フォルダに追加したいです","成功","12"
"2026-05-05 16:07:59","admin","追加","FAQ-000785","人事連携のチェックリストを再送してほしいです","成功","12"
"2026-05-05 16:07:59","admin","追加","FAQ-000786","人事連携の対応期限を確認したいです","成功","12"
"2026-05-05 16:07:59","admin","追加","FAQ-000787","退職者データ退避の準備状況を確認したいです","成功","12"
"2026-05-05 16:07:59","admin","追加","FAQ-000788","退職者データ退避で必要なアカウントが不足しています","成功","12"
"2026-05-05 16:07:59","admin","追加","FAQ-000789","退職者データ退避の反映が遅れています","成功","12"
"2026-05-05 16:07:59","admin","追加","FAQ-000790","退職者データ退避でメール転送を設定したいです","成功","12"
"2026-05-05 16:07:59","admin","追加","FAQ-000791","退職者データ退避のデータ保存先を相談したいです","成功","12"
"2026-05-05 16:07:59","admin","追加","FAQ-000792","退職者データ退避の返却物一覧を知りたいです","成功","12"
"2026-05-05 16:07:59","admin","追加","FAQ-000793","退職者データ退避で旧部署の権限を削除したいです","成功","12"
"2026-05-05 16:07:59","admin","追加","FAQ-000794","退職者データ退避で新部署の共有フォルダに追加したいです","成功","12"
"2026-05-05 16:07:59","admin","追加","FAQ-000795","退職者データ退避のチェックリストを再送してほしいです","成功","12"
"2026-05-05 16:07:59","admin","追加","FAQ-000796","退職者データ退避の対応期限を確認したいです","成功","12"
"2026-05-05 16:07:59","admin","追加","FAQ-000797","貸与品返却の準備状況を確認したいです","成功","12"
"2026-05-05 16:07:59","admin","追加","FAQ-000798","貸与品返却で必要なアカウントが不足しています","成功","12"
"2026-05-05 16:07:59","admin","追加","FAQ-000799","貸与品返却の反映が遅れています","成功","12"
"2026-05-05 16:07:59","admin","追加","FAQ-000800","貸与品返却でメール転送を設定したいです","成功","12"
"2026-05-05 16:07:59","admin","追加","FAQ-000801","貸与品返却のデータ保存先を相談したいです","成功","12"
"2026-05-05 16:07:59","admin","追加","FAQ-000802","貸与品返却の返却物一覧を知りたいです","成功","12"
"2026-05-05 16:07:59","admin","追加","FAQ-000803","貸与品返却で旧部署の権限を削除したいです","成功","12"
"2026-05-05 16:07:59","admin","追加","FAQ-000804","貸与品返却で新部署の共有フォルダに追加したいです","成功","12"
"2026-05-05 16:07:59","admin","追加","FAQ-000805","貸与品返却のチェックリストを再送してほしいです","成功","12"
"2026-05-05 16:07:59","admin","追加","FAQ-000806","貸与品返却の対応期限を確認したいです","成功","12"
"2026-05-05 16:07:59","admin","追加","FAQ-000807","異動時権限変更の準備状況を確認したいです","成功","12"
"2026-05-05 16:07:59","admin","追加","FAQ-000808","異動時権限変更で必要なアカウントが不足しています","成功","12"
"2026-05-05 16:07:59","admin","追加","FAQ-000809","異動時権限変更の反映が遅れています","成功","12"
"2026-05-05 16:07:59","admin","追加","FAQ-000810","異動時権限変更でメール転送を設定したいです","成功","12"
"2026-05-05 16:07:59","admin","追加","FAQ-000811","異動時権限変更のデータ保存先を相談したいです","成功","12"
"2026-05-05 16:07:59","admin","追加","FAQ-000812","異動時権限変更の返却物一覧を知りたいです","成功","12"
"2026-05-05 16:07:59","admin","追加","FAQ-000813","異動時権限変更で旧部署の権限を削除したいです","成功","12"
"2026-05-05 16:07:59","admin","追加","FAQ-000814","異動時権限変更で新部署の共有フォルダに追加したいです","成功","12"
"2026-05-05 16:07:59","admin","追加","FAQ-000815","異動時権限変更のチェックリストを再送してほしいです","成功","12"
"2026-05-05 16:07:59","admin","追加","FAQ-000816","異動時権限変更の対応期限を確認したいです","成功","12"
"2026-05-05 16:07:59","admin","追加","FAQ-000817","会議室予約システムを予約できません","成功","12"
"2026-05-05 16:07:59","admin","追加","FAQ-000818","会議室予約システムで会議を開始できません","成功","12"
"2026-05-05 16:07:59","admin","追加","FAQ-000819","会議室予約システムに映像が映りません","成功","12"
"2026-05-05 16:07:59","admin","追加","FAQ-000820","会議室予約システムから音が出ません","成功","12"
"2026-05-05 16:07:59","admin","追加","FAQ-000821","会議室予約システムでハウリングが発生します","成功","12"
"2026-05-05 16:07:59","admin","追加","FAQ-000822","会議室予約システムのタッチ操作が効きません","成功","12"
"2026-05-05 16:07:59","admin","追加","FAQ-000823","会議室予約システムの予約をキャンセルしたいです","成功","12"
"2026-05-05 16:07:59","admin","追加","FAQ-000824","会議室予約システムの利用マニュアルを確認したいです","成功","12"
"2026-05-05 16:07:59","admin","追加","FAQ-000825","会議室予約システムでワイヤレス投影ができません","成功","12"
"2026-05-05 16:07:59","admin","追加","FAQ-000826","会議室予約システムを交換・修理したいです","成功","12"
"2026-05-05 16:07:59","admin","追加","FAQ-000827","会議室Teams端末を予約できません","成功","12"
"2026-05-05 16:07:59","admin","追加","FAQ-000828","会議室Teams端末で会議を開始できません","成功","12"
"2026-05-05 16:07:59","admin","追加","FAQ-000829","会議室Teams端末に映像が映りません","成功","12"
"2026-05-05 16:07:59","admin","追加","FAQ-000830","会議室Teams端末から音が出ません","成功","12"
"2026-05-05 16:07:59","admin","追加","FAQ-000831","会議室Teams端末でハウリングが発生します","成功","12"
"2026-05-05 16:07:59","admin","追加","FAQ-000832","会議室Teams端末のタッチ操作が効きません","成功","12"
"2026-05-05 16:07:59","admin","追加","FAQ-000833","会議室Teams端末の予約をキャンセルしたいです","成功","12"
"2026-05-05 16:07:59","admin","追加","FAQ-000834","会議室Teams端末の利用マニュアルを確認したいです","成功","12"
"2026-05-05 16:07:59","admin","追加","FAQ-000835","会議室Teams端末でワイヤレス投影ができません","成功","12"
"2026-05-05 16:07:59","admin","追加","FAQ-000836","会議室Teams端末を交換・修理したいです","成功","12"
"2026-05-05 16:07:59","admin","追加","FAQ-000837","プロジェクターを予約できません","成功","12"
"2026-05-05 16:07:59","admin","追加","FAQ-000838","プロジェクターで会議を開始できません","成功","12"
"2026-05-05 16:07:59","admin","追加","FAQ-000839","プロジェクターに映像が映りません","成功","12"
"2026-05-05 16:07:59","admin","追加","FAQ-000840","プロジェクターから音が出ません","成功","12"
"2026-05-05 16:07:59","admin","追加","FAQ-000841","プロジェクターでハウリングが発生します","成功","12"
"2026-05-05 16:07:59","admin","追加","FAQ-000842","プロジェクターのタッチ操作が効きません","成功","12"
"2026-05-05 16:07:59","admin","追加","FAQ-000843","プロジェクターの予約をキャンセルしたいです","成功","12"
"2026-05-05 16:07:59","admin","追加","FAQ-000844","プロジェクターの利用マニュアルを確認したいです","成功","12"
"2026-05-05 16:07:59","admin","追加","FAQ-000845","プロジェクターでワイヤレス投影ができません","成功","12"
"2026-05-05 16:07:59","admin","追加","FAQ-000846","プロジェクターを交換・修理したいです","成功","12"
"2026-05-05 16:07:59","admin","追加","FAQ-000847","大型ディスプレイを予約できません","成功","12"
"2026-05-05 16:07:59","admin","追加","FAQ-000848","大型ディスプレイで会議を開始できません","成功","12"
"2026-05-05 16:07:59","admin","追加","FAQ-000849","大型ディスプレイに映像が映りません","成功","12"
"2026-05-05 16:07:59","admin","追加","FAQ-000850","大型ディスプレイから音が出ません","成功","12"
"2026-05-05 16:07:59","admin","追加","FAQ-000851","大型ディスプレイでハウリングが発生します","成功","12"
"2026-05-05 16:07:59","admin","追加","FAQ-000852","大型ディスプレイのタッチ操作が効きません","成功","12"
"2026-05-05 16:07:59","admin","追加","FAQ-000853","大型ディスプレイの予約をキャンセルしたいです","成功","12"
"2026-05-05 16:07:59","admin","追加","FAQ-000854","大型ディスプレイの利用マニュアルを確認したいです","成功","12"
"2026-05-05 16:07:59","admin","追加","FAQ-000855","大型ディスプレイでワイヤレス投影ができません","成功","12"
"2026-05-05 16:07:59","admin","追加","FAQ-000856","大型ディスプレイを交換・修理したいです","成功","12"
"2026-05-05 16:07:59","admin","追加","FAQ-000857","会議室マイクを予約できません","成功","12"
"2026-05-05 16:07:59","admin","追加","FAQ-000858","会議室マイクで会議を開始できません","成功","12"
"2026-05-05 16:07:59","admin","追加","FAQ-000859","会議室マイクに映像が映りません","成功","12"
"2026-05-05 16:07:59","admin","追加","FAQ-000860","会議室マイクから音が出ません","成功","12"
"2026-05-05 16:07:59","admin","追加","FAQ-000861","会議室マイクでハウリングが発生します","成功","12"
"2026-05-05 16:07:59","admin","追加","FAQ-000862","会議室マイクのタッチ操作が効きません","成功","12"
"2026-05-05 16:07:59","admin","追加","FAQ-000863","会議室マイクの予約をキャンセルしたいです","成功","12"
"2026-05-05 16:07:59","admin","追加","FAQ-000864","会議室マイクの利用マニュアルを確認したいです","成功","12"
"2026-05-05 16:07:59","admin","追加","FAQ-000865","会議室マイクでワイヤレス投影ができません","成功","12"
"2026-05-05 16:07:59","admin","追加","FAQ-000866","会議室マイクを交換・修理したいです","成功","12"
"2026-05-05 16:07:59","admin","追加","FAQ-000867","バックアップの取得状況を確認したいです","成功","12"
"2026-05-05 16:07:59","admin","追加","FAQ-000868","バックアップから特定ファイルを復元したいです","成功","12"
"2026-05-05 16:07:59","admin","追加","FAQ-000869","バックアップの保存期間を知りたいです","成功","12"
"2026-05-05 16:07:59","admin","追加","FAQ-000870","バックアップを取得して調査したいです","成功","12"
"2026-05-05 16:07:59","admin","追加","FAQ-000871","バックアップで復元できる世代数を確認したいです","成功","12"
"2026-05-05 16:07:59","admin","追加","FAQ-000872","バックアップの取得対象から除外したいです","成功","12"
"2026-05-05 16:07:59","admin","追加","FAQ-000873","バックアップの容量が逼迫しています","成功","12"
"2026-05-05 16:07:59","admin","追加","FAQ-000874","バックアップを監査対応で提出したいです","成功","12"
"2026-05-05 16:07:59","admin","追加","FAQ-000875","バックアップの実行エラーが出ています","成功","12"
"2026-05-05 16:07:59","admin","追加","FAQ-000876","バックアップの申請手順を知りたいです","成功","12"
"2026-05-05 16:07:59","admin","追加","FAQ-000877","ファイル復元の取得状況を確認したいです","成功","12"
"2026-05-05 16:07:59","admin","追加","FAQ-000878","ファイル復元から特定ファイルを復元したいです","成功","12"
"2026-05-05 16:07:59","admin","追加","FAQ-000879","ファイル復元の保存期間を知りたいです","成功","12"
"2026-05-05 16:07:59","admin","追加","FAQ-000880","ファイル復元を取得して調査したいです","成功","12"
"2026-05-05 16:07:59","admin","追加","FAQ-000881","ファイル復元で復元できる世代数を確認したいです","成功","12"
"2026-05-05 16:07:59","admin","追加","FAQ-000882","ファイル復元の取得対象から除外したいです","成功","12"
"2026-05-05 16:07:59","admin","追加","FAQ-000883","ファイル復元の容量が逼迫しています","成功","12"
"2026-05-05 16:07:59","admin","追加","FAQ-000884","ファイル復元を監査対応で提出したいです","成功","12"
"2026-05-05 16:07:59","admin","追加","FAQ-000885","ファイル復元の実行エラーが出ています","成功","12"
"2026-05-05 16:07:59","admin","追加","FAQ-000886","ファイル復元の申請手順を知りたいです","成功","12"
"2026-05-05 16:07:59","admin","追加","FAQ-000887","アーカイブの取得状況を確認したいです","成功","12"
"2026-05-05 16:07:59","admin","追加","FAQ-000888","アーカイブから特定ファイルを復元したいです","成功","12"
"2026-05-05 16:07:59","admin","追加","FAQ-000889","アーカイブの保存期間を知りたいです","成功","12"
"2026-05-05 16:07:59","admin","追加","FAQ-000890","アーカイブを取得して調査したいです","成功","12"
"2026-05-05 16:07:59","admin","追加","FAQ-000891","アーカイブで復元できる世代数を確認したいです","成功","12"
"2026-05-05 16:07:59","admin","追加","FAQ-000892","アーカイブの取得対象から除外したいです","成功","12"
"2026-05-05 16:07:59","admin","追加","FAQ-000893","アーカイブの容量が逼迫しています","成功","12"
"2026-05-05 16:07:59","admin","追加","FAQ-000894","アーカイブを監査対応で提出したいです","成功","12"
"2026-05-05 16:07:59","admin","追加","FAQ-000895","アーカイブの実行エラーが出ています","成功","12"
"2026-05-05 16:07:59","admin","追加","FAQ-000896","アーカイブの申請手順を知りたいです","成功","12"
"2026-05-05 16:07:59","admin","追加","FAQ-000897","ログ取得の取得状況を確認したいです","成功","12"
"2026-05-05 16:07:59","admin","追加","FAQ-000898","ログ取得から特定ファイルを復元したいです","成功","12"
"2026-05-05 16:07:59","admin","追加","FAQ-000899","ログ取得の保存期間を知りたいです","成功","12"
"2026-05-05 16:07:59","admin","追加","FAQ-000900","ログ取得を取得して調査したいです","成功","12"
"2026-05-05 16:07:59","admin","追加","FAQ-000901","ログ取得で復元できる世代数を確認したいです","成功","12"
"2026-05-05 16:07:59","admin","追加","FAQ-000902","ログ取得の取得対象から除外したいです","成功","12"
"2026-05-05 16:07:59","admin","追加","FAQ-000903","ログ取得の容量が逼迫しています","成功","12"
"2026-05-05 16:07:59","admin","追加","FAQ-000904","ログ取得を監査対応で提出したいです","成功","12"
"2026-05-05 16:07:59","admin","追加","FAQ-000905","ログ取得の実行エラーが出ています","成功","12"
"2026-05-05 16:07:59","admin","追加","FAQ-000906","ログ取得の申請手順を知りたいです","成功","12"
"2026-05-05 16:07:59","admin","追加","FAQ-000907","監査証跡の取得状況を確認したいです","成功","12"
"2026-05-05 16:07:59","admin","追加","FAQ-000908","監査証跡から特定ファイルを復元したいです","成功","12"
"2026-05-05 16:07:59","admin","追加","FAQ-000909","監査証跡の保存期間を知りたいです","成功","12"
"2026-05-05 16:07:59","admin","追加","FAQ-000910","監査証跡を取得して調査したいです","成功","12"
"2026-05-05 16:07:59","admin","追加","FAQ-000911","監査証跡で復元できる世代数を確認したいです","成功","12"
"2026-05-05 16:07:59","admin","追加","FAQ-000912","監査証跡の取得対象から除外したいです","成功","12"
"2026-05-05 16:07:59","admin","追加","FAQ-000913","監査証跡の容量が逼迫しています","成功","12"
"2026-05-05 16:07:59","admin","追加","FAQ-000914","監査証跡を監査対応で提出したいです","成功","12"
"2026-05-05 16:07:59","admin","追加","FAQ-000915","監査証跡の実行エラーが出ています","成功","12"
"2026-05-05 16:07:59","admin","追加","FAQ-000916","監査証跡の申請手順を知りたいです","成功","12"
"2026-05-05 16:07:59","admin","追加","FAQ-000917","GitHub Enterpriseにログインできません","成功","12"
"2026-05-05 16:07:59","admin","追加","FAQ-000918","GitHub Enterpriseの権限を追加したいです","成功","12"
"2026-05-05 16:07:59","admin","追加","FAQ-000919","GitHub Enterpriseでリポジトリへアクセスできません","成功","12"
"2026-05-05 16:07:59","admin","追加","FAQ-000920","GitHub Enterpriseで拡張機能を入れたいです","成功","12"
"2026-05-05 16:07:59","admin","追加","FAQ-000921","GitHub Enterpriseのライセンスが不足しています","成功","12"
"2026-05-05 16:07:59","admin","追加","FAQ-000922","GitHub Enterpriseでプロキシ設定が必要です","成功","12"
"2026-05-05 16:07:59","admin","追加","FAQ-000923","GitHub Enterpriseのアップデートが失敗します","成功","12"
"2026-05-05 16:07:59","admin","追加","FAQ-000924","GitHub Enterpriseで通知メールが届きません","成功","12"
"2026-05-05 16:07:59","admin","追加","FAQ-000925","GitHub Enterpriseのプロジェクト作成申請をしたいです","成功","12"
"2026-05-05 16:07:59","admin","追加","FAQ-000926","GitHub Enterpriseの監査ログを確認したいです","成功","12"
"2026-05-05 16:07:59","admin","追加","FAQ-000927","GitLabにログインできません","成功","12"
"2026-05-05 16:07:59","admin","追加","FAQ-000928","GitLabの権限を追加したいです","成功","12"
"2026-05-05 16:07:59","admin","追加","FAQ-000929","GitLabでリポジトリへアクセスできません","成功","12"
"2026-05-05 16:07:59","admin","追加","FAQ-000930","GitLabで拡張機能を入れたいです","成功","12"
"2026-05-05 16:07:59","admin","追加","FAQ-000931","GitLabのライセンスが不足しています","成功","12"
"2026-05-05 16:07:59","admin","追加","FAQ-000932","GitLabでプロキシ設定が必要です","成功","12"
"2026-05-05 16:07:59","admin","追加","FAQ-000933","GitLabのアップデートが失敗します","成功","12"
"2026-05-05 16:07:59","admin","追加","FAQ-000934","GitLabで通知メールが届きません","成功","12"
"2026-05-05 16:07:59","admin","追加","FAQ-000935","GitLabのプロジェクト作成申請をしたいです","成功","12"
"2026-05-05 16:07:59","admin","追加","FAQ-000936","GitLabの監査ログを確認したいです","成功","12"
"2026-05-05 16:07:59","admin","追加","FAQ-000937","Docker Desktopにログインできません","成功","12"
"2026-05-05 16:07:59","admin","追加","FAQ-000938","Docker Desktopの権限を追加したいです","成功","12"
"2026-05-05 16:07:59","admin","追加","FAQ-000939","Docker Desktopでリポジトリへアクセスできません","成功","12"
"2026-05-05 16:07:59","admin","追加","FAQ-000940","Docker Desktopで拡張機能を入れたいです","成功","12"
"2026-05-05 16:07:59","admin","追加","FAQ-000941","Docker Desktopのライセンスが不足しています","成功","12"
"2026-05-05 16:07:59","admin","追加","FAQ-000942","Docker Desktopでプロキシ設定が必要です","成功","12"
"2026-05-05 16:07:59","admin","追加","FAQ-000943","Docker Desktopのアップデートが失敗します","成功","12"
"2026-05-05 16:07:59","admin","追加","FAQ-000944","Docker Desktopで通知メールが届きません","成功","12"
"2026-05-05 16:07:59","admin","追加","FAQ-000945","Docker Desktopのプロジェクト作成申請をしたいです","成功","12"
"2026-05-05 16:07:59","admin","追加","FAQ-000946","Docker Desktopの監査ログを確認したいです","成功","12"
"2026-05-05 16:07:59","admin","追加","FAQ-000947","VS Codeにログインできません","成功","12"
"2026-05-05 16:07:59","admin","追加","FAQ-000948","VS Codeの権限を追加したいです","成功","12"
"2026-05-05 16:07:59","admin","追加","FAQ-000949","VS Codeでリポジトリへアクセスできません","成功","12"
"2026-05-05 16:07:59","admin","追加","FAQ-000950","VS Codeで拡張機能を入れたいです","成功","12"
"2026-05-05 16:07:59","admin","追加","FAQ-000951","VS Codeのライセンスが不足しています","成功","12"
"2026-05-05 16:07:59","admin","追加","FAQ-000952","VS Codeでプロキシ設定が必要です","成功","12"
"2026-05-05 16:07:59","admin","追加","FAQ-000953","VS Codeのアップデートが失敗します","成功","12"
"2026-05-05 16:07:59","admin","追加","FAQ-000954","VS Codeで通知メールが届きません","成功","12"
"2026-05-05 16:07:59","admin","追加","FAQ-000955","VS Codeのプロジェクト作成申請をしたいです","成功","12"
"2026-05-05 16:07:59","admin","追加","FAQ-000956","VS Codeの監査ログを確認したいです","成功","12"
"2026-05-05 16:07:59","admin","追加","FAQ-000957","Jiraにログインできません","成功","12"
"2026-05-05 16:07:59","admin","追加","FAQ-000958","Jiraの権限を追加したいです","成功","12"
"2026-05-05 16:07:59","admin","追加","FAQ-000959","Jiraでリポジトリへアクセスできません","成功","12"
"2026-05-05 16:07:59","admin","追加","FAQ-000960","Jiraで拡張機能を入れたいです","成功","12"
"2026-05-05 16:07:59","admin","追加","FAQ-000961","Jiraのライセンスが不足しています","成功","12"
"2026-05-05 16:07:59","admin","追加","FAQ-000962","Jiraでプロキシ設定が必要です","成功","12"
"2026-05-05 16:07:59","admin","追加","FAQ-000963","Jiraのアップデートが失敗します","成功","12"
"2026-05-05 16:07:59","admin","追加","FAQ-000964","Jiraで通知メールが届きません","成功","12"
"2026-05-05 16:07:59","admin","追加","FAQ-000965","Jiraのプロジェクト作成申請をしたいです","成功","12"
"2026-05-05 16:07:59","admin","追加","FAQ-000966","Jiraの監査ログを確認したいです","成功","12"
"2026-05-05 16:07:59","admin","追加","FAQ-000967","ヘルプデスクチケットを起票したいです","成功","12"
"2026-05-05 16:07:59","admin","追加","FAQ-000968","ヘルプデスクチケットの進捗を確認したいです","成功","12"
"2026-05-05 16:07:59","admin","追加","FAQ-000969","ヘルプデスクチケットをクローズせず再開したいです","成功","12"
"2026-05-05 16:07:59","admin","追加","FAQ-000970","ヘルプデスクチケットで担当者を変更したいです","成功","12"
"2026-05-05 16:07:59","admin","追加","FAQ-000971","ヘルプデスクチケットに対象機器が登録されていません","成功","12"
"2026-05-05 16:07:59","admin","追加","FAQ-000972","ヘルプデスクチケットの結果報告方法を知りたいです","成功","12"
"2026-05-05 16:07:59","admin","追加","FAQ-000973","ヘルプデスクチケットの期限を延長したいです","成功","12"
"2026-05-05 16:07:59","admin","追加","FAQ-000974","ヘルプデスクチケットのFAQが見つかりません","成功","12"
"2026-05-05 16:07:59","admin","追加","FAQ-000975","ヘルプデスクチケットの内容を更新してほしいです","成功","12"
"2026-05-05 16:07:59","admin","追加","FAQ-000976","ヘルプデスクチケットの契約期限を確認したいです","成功","12"
"2026-05-05 16:07:59","admin","追加","FAQ-000977","FAQポータルを起票したいです","成功","12"
"2026-05-05 16:07:59","admin","追加","FAQ-000978","FAQポータルの進捗を確認したいです","成功","12"
"2026-05-05 16:07:59","admin","追加","FAQ-000979","FAQポータルをクローズせず再開したいです","成功","12"
"2026-05-05 16:07:59","admin","追加","FAQ-000980","FAQポータルで担当者を変更したいです","成功","12"
"2026-05-05 16:07:59","admin","追加","FAQ-000981","FAQポータルに対象機器が登録されていません","成功","12"
"2026-05-05 16:07:59","admin","追加","FAQ-000982","FAQポータルの結果報告方法を知りたいです","成功","12"
"2026-05-05 16:07:59","admin","追加","FAQ-000983","FAQポータルの期限を延長したいです","成功","12"
"2026-05-05 16:07:59","admin","追加","FAQ-000984","FAQポータルのFAQが見つかりません","成功","12"
"2026-05-05 16:07:59","admin","追加","FAQ-000985","FAQポータルの内容を更新してほしいです","成功","12"
"2026-05-05 16:07:59","admin","追加","FAQ-000986","FAQポータルの契約期限を確認したいです","成功","12"
"2026-05-05 16:07:59","admin","追加","FAQ-000987","資産管理台帳を起票したいです","成功","12"
"2026-05-05 16:07:59","admin","追加","FAQ-000988","資産管理台帳の進捗を確認したいです","成功","12"
"2026-05-05 16:07:59","admin","追加","FAQ-000989","資産管理台帳をクローズせず再開したいです","成功","12"
"2026-05-05 16:07:59","admin","追加","FAQ-000990","資産管理台帳で担当者を変更したいです","成功","12"
"2026-05-05 16:07:59","admin","追加","FAQ-000991","資産管理台帳に対象機器が登録されていません","成功","12"
"2026-05-05 16:07:59","admin","追加","FAQ-000992","資産管理台帳の結果報告方法を知りたいです","成功","12"
"2026-05-05 16:07:59","admin","追加","FAQ-000993","資産管理台帳の期限を延長したいです","成功","12"
"2026-05-05 16:07:59","admin","追加","FAQ-000994","資産管理台帳のFAQが見つかりません","成功","12"
"2026-05-05 16:07:59","admin","追加","FAQ-000995","資産管理台帳の内容を更新してほしいです","成功","12"
"2026-05-05 16:07:59","admin","追加","FAQ-000996","資産管理台帳の契約期限を確認したいです","成功","12"
"2026-05-05 16:07:59","admin","追加","FAQ-000997","棚卸を起票したいです","成功","12"
"2026-05-05 16:07:59","admin","追加","FAQ-000998","棚卸の進捗を確認したいです","成功","12"
"2026-05-05 16:07:59","admin","追加","FAQ-000999","棚卸をクローズせず再開したいです","成功","12"
"2026-05-05 16:07:59","admin","追加","FAQ-001000","棚卸で担当者を変更したいです","成功","12"
"2026-05-05 16:07:59","admin","追加","FAQ-001001","棚卸に対象機器が登録されていません","成功","12"
"2026-05-05 16:07:59","admin","追加","FAQ-001002","棚卸の結果報告方法を知りたいです","成功","12"
"2026-05-05 16:07:59","admin","追加","FAQ-001003","棚卸の期限を延長したいです","成功","12"
"2026-05-05 16:07:59","admin","追加","FAQ-001004","棚卸のFAQが見つかりません","成功","12"
"2026-05-05 16:07:59","admin","追加","FAQ-001005","棚卸の内容を更新してほしいです","成功","12"
"2026-05-05 16:07:59","admin","追加","FAQ-001006","棚卸の契約期限を確認したいです","成功","12"
"2026-05-05 16:07:59","admin","追加","FAQ-001007","保守契約を起票したいです","成功","12"
"2026-05-05 16:07:59","admin","追加","FAQ-001008","保守契約の進捗を確認したいです","成功","12"
"2026-05-05 16:07:59","admin","追加","FAQ-001009","保守契約をクローズせず再開したいです","成功","12"
"2026-05-05 16:07:59","admin","追加","FAQ-001010","保守契約で担当者を変更したいです","成功","12"
"2026-05-05 16:07:59","admin","追加","FAQ-001011","保守契約に対象機器が登録されていません","成功","12"
"2026-05-05 16:07:59","admin","追加","FAQ-001012","保守契約の結果報告方法を知りたいです","成功","12"
"2026-05-05 16:07:59","admin","追加","FAQ-001013","保守契約の期限を延長したいです","成功","12"
"2026-05-05 16:07:59","admin","追加","FAQ-001014","保守契約のFAQが見つかりません","成功","12"
"2026-05-05 16:07:59","admin","追加","FAQ-001015","保守契約の内容を更新してほしいです","成功","12"
"2026-05-05 16:07:59","admin","追加","FAQ-001016","保守契約の契約期限を確認したいです","成功","12"
"2026-05-05 16:07:59","admin","追加","FAQ-001017","パソコンが起動しません","成功","12"
"2026-05-05 16:07:59","admin","追加","FAQ-001018","パソコンの電源が入りません","成功","12"
"2026-05-05 16:07:59","admin","追加","FAQ-001019","ノートPCが起動しない","成功","12"
"2026-05-05 16:07:59","admin","追加","FAQ-001020","ノートパソコンの電源が入らない","成功","12"
"2026-05-05 16:07:59","admin","追加","FAQ-001021","会社PCが立ち上がりません","成功","12"
"2026-05-05 16:07:59","admin","追加","FAQ-001022","Windowsが起動しません","成功","12"
"2026-05-05 16:07:59","admin","追加","FAQ-001023","パソコンが立ち上がりません","成功","12"
"2026-05-05 16:07:59","admin","追加","FAQ-001024","PCの起動が遅いです","成功","12"
"2026-05-05 16:07:59","admin","追加","FAQ-001025","パソコンの立ち上がりが遅いです","成功","12"
"2026-05-05 16:07:59","admin","追加","FAQ-001026","PCが固まります","成功","12"
"2026-05-05 16:07:59","admin","追加","FAQ-001027","パソコンがフリーズします","成功","12"
"2026-05-05 16:07:59","admin","追加","FAQ-001028","ブルースクリーンが出ました","成功","12"
"2026-05-05 16:07:59","admin","追加","FAQ-001029","青い画面が表示されました","成功","12"
"2026-05-05 16:07:59","admin","追加","FAQ-001030","PCが再起動を繰り返します","成功","12"
"2026-05-05 16:07:59","admin","追加","FAQ-001031","BitLocker回復キーを求められます","成功","12"
"2026-05-05 16:07:59","admin","追加","FAQ-001032","PCの容量がいっぱいです","成功","12"
"2026-05-05 16:07:59","admin","追加","FAQ-001033","Cドライブの空き容量がありません","成功","12"
"2026-05-05 16:07:59","admin","追加","FAQ-001034","パソコンのファンがうるさいです","成功","12"
"2026-05-05 16:07:59","admin","追加","FAQ-001035","勝手にスリープします","成功","12"
"2026-05-05 16:07:59","admin","追加","FAQ-001036","モニターが映りません","成功","12"
"2026-05-05 16:07:59","admin","追加","FAQ-001037","モニターが映らない","成功","12"
"2026-05-05 16:07:59","admin","追加","FAQ-001038","外付けモニターが映りません","成功","12"
"2026-05-05 16:07:59","admin","追加","FAQ-001039","外部モニターが映らない","成功","12"
"2026-05-05 16:07:59","admin","追加","FAQ-001040","外部モニターを認識しません","成功","12"
"2026-05-05 16:07:59","admin","追加","FAQ-001041","キーボードが反応しません","成功","12"
"2026-05-05 16:07:59","admin","追加","FAQ-001042","キーボードが打てません","成功","12"
"2026-05-05 16:07:59","admin","追加","FAQ-001043","マウスが動きません","成功","12"
"2026-05-05 16:07:59","admin","追加","FAQ-001044","Bluetoothマウスが動きません","成功","12"
"2026-05-05 16:07:59","admin","追加","FAQ-001045","Webカメラが映りません","成功","12"
"2026-05-05 16:07:59","admin","追加","FAQ-001046","ヘッドセットが認識されません","成功","12"
"2026-05-05 16:07:59","admin","追加","FAQ-001047","Wi-Fiにつながりません","成功","12"
"2026-05-05 16:07:59","admin","追加","FAQ-001048","社内Wi-Fiに繋がらない","成功","12"
"2026-05-05 16:07:59","admin","追加","FAQ-001049","ネットワークにつながりません","成功","12"
"2026-05-05 16:07:59","admin","追加","FAQ-001050","インターネットにつながりません","成功","12"
"2026-05-05 16:07:59","admin","追加","FAQ-001051","VPNにつながりません","成功","12"
"2026-05-05 16:07:59","admin","追加","FAQ-001052","VPN接続ができません","成功","12"
"2026-05-05 16:07:59","admin","追加","FAQ-001053","VPNが切れます","成功","12"
"2026-05-05 16:07:59","admin","追加","FAQ-001054","社内サイトが開きません","成功","12"
"2026-05-05 16:07:59","admin","追加","FAQ-001055","ネットが遅いです","成功","12"
"2026-05-05 16:07:59","admin","追加","FAQ-001056","Wi-Fiが遅いです","成功","12"
"2026-05-05 16:07:59","admin","追加","FAQ-001057","DNSエラーが出ます","成功","12"
"2026-05-05 16:07:59","admin","追加","FAQ-001058","アカウントがロックされました","成功","12"
"2026-05-05 16:07:59","admin","追加","FAQ-001059","ログインできません","成功","12"
"2026-05-05 16:07:59","admin","追加","FAQ-001060","初期パスワードで入れません","成功","12"
"2026-05-05 16:07:59","admin","追加","FAQ-001061","パスワード変更画面が出ません","成功","12"
"2026-05-05 16:07:59","admin","追加","FAQ-001062","パスワードの期限が切れました","成功","12"
"2026-05-05 16:07:59","admin","追加","FAQ-001063","多要素認証の登録を求められます","成功","12"
"2026-05-05 16:07:59","admin","追加","FAQ-001064","MFA登録を求められます","成功","12"
"2026-05-05 16:07:59","admin","追加","FAQ-001065","認証コードが届きません","成功","12"
"2026-05-05 16:07:59","admin","追加","FAQ-001066","ワンタイムコードが届きません","成功","12"
"2026-05-05 16:07:59","admin","追加","FAQ-001067","パスワードを忘れました","成功","12"
"2026-05-05 16:07:59","admin","追加","FAQ-001068","メールが送れません","成功","12"
"2026-05-05 16:07:59","admin","追加","FAQ-001069","メールが受信できません","成功","12"
"2026-05-05 16:07:59","admin","追加","FAQ-001070","Outlookが開きません","成功","12"
"2026-05-05 16:07:59","admin","追加","FAQ-001071","Outlookが立ち上がりません","成功","12"
"2026-05-05 16:07:59","admin","追加","FAQ-001072","Outlookで検索できません","成功","12"
"2026-05-05 16:07:59","admin","追加","FAQ-001073","添付ファイルが開けません","成功","12"
"2026-05-05 16:07:59","admin","追加","FAQ-001074","自動返信を設定したいです","成功","12"
"2026-05-05 16:07:59","admin","追加","FAQ-001075","共有メールボックスが開けません","成功","12"
"2026-05-05 16:07:59","admin","追加","FAQ-001076","Excelが開きません","成功","12"
"2026-05-05 16:07:59","admin","追加","FAQ-001077","Excelが立ち上がりません","成功","12"
"2026-05-05 16:07:59","admin","追加","FAQ-001078","Wordが開きません","成功","12"
"2026-05-05 16:07:59","admin","追加","FAQ-001079","PowerPointが開きません","成功","12"
"2026-05-05 16:07:59","admin","追加","FAQ-001080","Excelが固まります","成功","12"
"2026-05-05 16:07:59","admin","追加","FAQ-001081","Excelで保存できません","成功","12"
"2026-05-05 16:07:59","admin","追加","FAQ-001082","マクロが実行できません","成功","12"
"2026-05-05 16:07:59","admin","追加","FAQ-001083","Officeのライセンス認証が外れました","成功","12"
"2026-05-05 16:07:59","admin","追加","FAQ-001084","Chromeが開きません","成功","12"
"2026-05-05 16:07:59","admin","追加","FAQ-001085","Edgeが開きません","成功","12"
"2026-05-05 16:07:59","admin","追加","FAQ-001086","ブラウザが起動しません","成功","12"
"2026-05-05 16:07:59","admin","追加","FAQ-001087","ページが正しく表示されません","成功","12"
"2026-05-05 16:07:59","admin","追加","FAQ-001088","証明書エラーが出ます","成功","12"
"2026-05-05 16:07:59","admin","追加","FAQ-001089","ポップアップが開きません","成功","12"
"2026-05-05 16:07:59","admin","追加","FAQ-001090","社内サイトにログインループします","成功","12"
"2026-05-05 16:07:59","admin","追加","FAQ-001091","ダウンロードがブロックされます","成功","12"
"2026-05-05 16:07:59","admin","追加","FAQ-001092","在宅勤務で社内システムが使えません","成功","12"
"2026-05-05 16:07:59","admin","追加","FAQ-001093","テレワークで社内業務ができません","成功","12"
"2026-05-05 16:07:59","admin","追加","FAQ-001094","リモート接続が遅いです","成功","12"
"2026-05-05 16:07:59","admin","追加","FAQ-001095","在宅PCで画面が固まります","成功","12"
"2026-05-05 16:07:59","admin","追加","FAQ-001096","自宅Wi-Fiで社内共有フォルダにアクセスできません","成功","12"
"2026-05-05 16:07:59","admin","追加","FAQ-001097","在宅で印刷したいです","成功","12"
"2026-05-05 16:07:59","admin","追加","FAQ-001098","プリンターで印刷できません","成功","12"
"2026-05-05 16:07:59","admin","追加","FAQ-001099","印刷ができません","成功","12"
"2026-05-05 16:07:59","admin","追加","FAQ-001100","紙詰まりしました","成功","12"
"2026-05-05 16:07:59","admin","追加","FAQ-001101","スキャンしたデータが届きません","成功","12"
"2026-05-05 16:07:59","admin","追加","FAQ-001102","両面印刷ができません","成功","12"
"2026-05-05 16:07:59","admin","追加","FAQ-001103","プリンタードライバーを入れたいです","成功","12"
"2026-05-05 16:07:59","admin","追加","FAQ-001104","Teamsにログインできません","成功","12"
"2026-05-05 16:07:59","admin","追加","FAQ-001105","Slackにログインできません","成功","12"
"2026-05-05 16:07:59","admin","追加","FAQ-001106","Zoomにログインできません","成功","12"
"2026-05-05 16:07:59","admin","追加","FAQ-001107","Zoomでカメラが映りません","成功","12"
"2026-05-05 16:07:59","admin","追加","FAQ-001108","Slackの通知が来ません","成功","12"
"2026-05-05 16:07:59","admin","追加","FAQ-001109","同期エラーが出ます","成功","12"
"2026-05-05 16:07:59","admin","追加","FAQ-001110","共有リンクを作成できません","成功","12"
"2026-05-05 16:07:59","admin","追加","FAQ-001111","ファイルをアップロードできません","成功","12"
"2026-05-05 16:07:59","admin","追加","FAQ-001112","削除したファイルを戻したいです","成功","12"
